client_id,artisan_id,category,type,value,date
288,125,Jardinage,message_sent,0.6,2026-01-24
45,16,Peinture,view_profile,0.2,2025-09-01
103,66,Nettoyage,accept_offer,1.0,2026-04-21
219,36,Climatisation,message_sent,0.6,2025-08-07
16,136,Menuiserie,ignore,0.0,2025-12-12
6,255,Peinture,reject_offer,-0.3,2026-01-12
385,167,Plomberie,view_profile,0.2,2025-10-14
160,196,Informatique,reject_offer,-0.3,2025-11-07
336,91,Climatisation,ignore,0.0,2026-01-15
215,113,Serrurerie,ignore,0.0,2025-11-04
197,13,Plomberie,view_profile,0.2,2025-07-19
171,122,Plomberie,view_profile,0.2,2026-02-14
369,105,Nettoyage,ignore,0.0,2025-11-09
252,77,Maçonnerie,view_profile,0.2,2025-11-30
286,216,Carrelage,view_profile,0.2,2025-12-30
274,87,Jardinage,view_profile,0.2,2025-11-13
388,52,Nettoyage,reject_offer,-0.3,2025-08-07
235,94,Jardinage,message_sent,0.6,2025-06-05
261,201,Informatique,reject_offer,-0.3,2026-05-30
199,180,Maçonnerie,ignore,0.0,2025-12-25
79,67,Jardinage,view_profile,0.2,2025-07-13
319,227,Plomberie,ignore,0.0,2025-12-30
280,227,Plomberie,message_sent,0.6,2025-10-20
320,151,Déménagement,message_sent,0.6,2025-07-15
340,82,Déménagement,accept_offer,1.0,2026-04-27
107,186,Informatique,view_profile,0.2,2026-01-01
56,262,Carrelage,view_profile,0.2,2026-03-20
248,155,Peinture,ignore,0.0,2025-08-07
121,161,Informatique,ignore,0.0,2025-09-19
158,28,Jardinage,view_profile,0.2,2026-01-04
379,194,Jardinage,message_sent,0.6,2025-07-30
78,45,Jardinage,view_profile,0.2,2026-04-26
222,130,Déménagement,accept_offer,1.0,2025-12-03
84,183,Menuiserie,view_profile,0.2,2025-08-31
9,205,Menuiserie,accept_offer,1.0,2025-10-23
145,46,Serrurerie,reject_offer,-0.3,2025-07-25
344,253,Déménagement,reject_offer,-0.3,2026-03-10
282,42,Serrurerie,message_sent,0.6,2026-01-27
128,2,Électricité,ignore,0.0,2026-01-09
120,158,Maçonnerie,view_profile,0.2,2026-05-16
301,148,Informatique,message_sent,0.6,2026-02-16
92,34,Serrurerie,message_sent,0.6,2025-10-23
301,215,Informatique,message_sent,0.6,2025-12-28
208,133,Déménagement,ignore,0.0,2025-06-13
178,51,Carrelage,reject_offer,-0.3,2025-06-26
94,47,Climatisation,view_profile,0.2,2025-12-10
160,101,Plomberie,accept_offer,1.0,2025-10-24
43,96,Peinture,view_profile,0.2,2025-06-19
61,206,Déménagement,view_profile,0.2,2026-04-12
381,271,Déménagement,message_sent,0.6,2025-10-04
255,73,Nettoyage,view_profile,0.2,2026-04-28
259,198,Informatique,view_profile,0.2,2025-07-03
104,84,Jardinage,view_profile,0.2,2026-05-27
104,54,Menuiserie,accept_offer,1.0,2026-03-12
304,26,Informatique,view_profile,0.2,2025-10-23
17,7,Informatique,view_profile,0.2,2026-02-02
60,124,Climatisation,view_profile,0.2,2026-05-23
255,51,Carrelage,accept_offer,1.0,2026-01-28
391,285,Climatisation,message_sent,0.6,2025-07-27
323,199,Déménagement,ignore,0.0,2025-08-22
390,182,Déménagement,accept_offer,1.0,2026-04-15
385,27,Nettoyage,reject_offer,-0.3,2025-10-14
51,298,Électricité,accept_offer,1.0,2026-04-25
239,269,Carrelage,view_profile,0.2,2025-12-07
5,62,Plomberie,view_profile,0.2,2026-01-14
175,115,Plomberie,view_profile,0.2,2025-08-27
362,62,Plomberie,view_profile,0.2,2025-08-28
286,271,Déménagement,accept_offer,1.0,2026-01-17
268,2,Électricité,message_sent,0.6,2026-01-29
307,29,Maçonnerie,reject_offer,-0.3,2026-01-29
58,213,Informatique,view_profile,0.2,2025-06-18
283,263,Jardinage,view_profile,0.2,2026-04-15
241,80,Carrelage,view_profile,0.2,2025-09-15
347,197,Peinture,view_profile,0.2,2026-02-10
397,62,Plomberie,message_sent,0.6,2026-02-07
174,117,Peinture,view_profile,0.2,2026-01-04
287,55,Climatisation,ignore,0.0,2025-06-07
94,147,Informatique,message_sent,0.6,2026-05-14
371,282,Peinture,message_sent,0.6,2025-12-01
239,257,Carrelage,view_profile,0.2,2025-08-29
334,132,Menuiserie,accept_offer,1.0,2025-11-01
100,70,Nettoyage,view_profile,0.2,2025-12-23
96,84,Jardinage,ignore,0.0,2025-08-05
201,300,Maçonnerie,view_profile,0.2,2025-12-17
309,196,Informatique,accept_offer,1.0,2026-01-23
133,204,Serrurerie,accept_offer,1.0,2025-06-14
200,227,Plomberie,accept_offer,1.0,2025-12-03
34,224,Peinture,accept_offer,1.0,2025-08-03
126,296,Serrurerie,reject_offer,-0.3,2025-12-07
357,73,Nettoyage,view_profile,0.2,2025-07-02
377,60,Serrurerie,reject_offer,-0.3,2025-11-03
75,199,Déménagement,view_profile,0.2,2026-02-04
5,112,Plomberie,view_profile,0.2,2025-06-27
333,268,Menuiserie,reject_offer,-0.3,2025-08-23
145,109,Peinture,reject_offer,-0.3,2026-05-25
58,276,Jardinage,ignore,0.0,2026-03-26
71,148,Informatique,message_sent,0.6,2025-10-31
258,34,Serrurerie,view_profile,0.2,2025-06-09
155,55,Climatisation,reject_offer,-0.3,2026-04-07
39,8,Jardinage,view_profile,0.2,2025-09-29
24,76,Informatique,view_profile,0.2,2025-07-10
194,244,Déménagement,reject_offer,-0.3,2026-06-04
282,199,Déménagement,accept_offer,1.0,2025-12-27
366,126,Climatisation,view_profile,0.2,2026-04-14
169,120,Peinture,view_profile,0.2,2025-07-20
48,2,Électricité,view_profile,0.2,2025-08-03
390,142,Nettoyage,ignore,0.0,2026-01-05
133,80,Carrelage,message_sent,0.6,2026-03-30
218,63,Nettoyage,view_profile,0.2,2025-10-08
283,173,Jardinage,view_profile,0.2,2025-07-30
71,280,Climatisation,reject_offer,-0.3,2026-01-19
253,169,Déménagement,reject_offer,-0.3,2025-08-11
120,191,Informatique,reject_offer,-0.3,2026-02-13
260,51,Carrelage,view_profile,0.2,2025-10-14
80,193,Peinture,ignore,0.0,2026-04-27
24,237,Jardinage,view_profile,0.2,2025-12-17
10,79,Carrelage,view_profile,0.2,2025-10-31
223,190,Climatisation,reject_offer,-0.3,2026-01-06
396,237,Jardinage,message_sent,0.6,2025-06-22
184,34,Serrurerie,message_sent,0.6,2025-06-17
236,105,Nettoyage,view_profile,0.2,2026-02-15
238,63,Nettoyage,message_sent,0.6,2025-10-16
387,247,Plomberie,message_sent,0.6,2026-04-28
386,118,Plomberie,message_sent,0.6,2025-07-05
111,51,Carrelage,message_sent,0.6,2025-11-08
117,272,Jardinage,view_profile,0.2,2025-09-07
227,152,Maçonnerie,reject_offer,-0.3,2025-11-05
258,167,Plomberie,reject_offer,-0.3,2026-05-13
93,197,Peinture,view_profile,0.2,2026-03-19
89,171,Déménagement,view_profile,0.2,2025-12-22
351,271,Déménagement,message_sent,0.6,2025-08-18
231,96,Peinture,accept_offer,1.0,2025-11-04
24,230,Jardinage,message_sent,0.6,2025-10-10
70,6,Nettoyage,message_sent,0.6,2025-12-14
350,106,Maçonnerie,view_profile,0.2,2025-07-08
362,106,Maçonnerie,ignore,0.0,2025-09-18
373,281,Serrurerie,ignore,0.0,2025-12-26
244,214,Plomberie,accept_offer,1.0,2025-12-04
310,65,Serrurerie,view_profile,0.2,2026-03-01
221,259,Peinture,reject_offer,-0.3,2026-04-10
27,209,Informatique,ignore,0.0,2026-05-25
16,135,Menuiserie,message_sent,0.6,2026-02-26
202,120,Peinture,view_profile,0.2,2026-05-25
172,190,Climatisation,reject_offer,-0.3,2025-10-14
4,178,Maçonnerie,reject_offer,-0.3,2026-05-21
269,75,Climatisation,message_sent,0.6,2026-03-26
215,43,Déménagement,ignore,0.0,2025-11-18
306,231,Serrurerie,message_sent,0.6,2025-10-13
398,5,Nettoyage,view_profile,0.2,2026-05-19
336,165,Électricité,message_sent,0.6,2025-07-03
378,243,Serrurerie,message_sent,0.6,2026-01-27
256,174,Électricité,view_profile,0.2,2025-08-24
224,40,Jardinage,accept_offer,1.0,2025-06-18
124,270,Électricité,view_profile,0.2,2025-09-04
245,108,Maçonnerie,ignore,0.0,2025-08-09
234,106,Maçonnerie,view_profile,0.2,2026-05-31
91,90,Électricité,ignore,0.0,2025-08-18
247,53,Menuiserie,view_profile,0.2,2025-07-12
238,190,Climatisation,accept_offer,1.0,2026-02-09
219,62,Plomberie,ignore,0.0,2025-07-28
217,85,Maçonnerie,view_profile,0.2,2025-11-01
81,279,Climatisation,message_sent,0.6,2025-10-29
138,283,Nettoyage,message_sent,0.6,2026-03-14
120,17,Nettoyage,message_sent,0.6,2025-07-27
218,297,Climatisation,view_profile,0.2,2026-03-30
92,96,Peinture,view_profile,0.2,2025-09-04
383,212,Menuiserie,ignore,0.0,2026-03-22
282,8,Jardinage,view_profile,0.2,2025-10-18
95,204,Serrurerie,view_profile,0.2,2025-07-13
32,217,Électricité,message_sent,0.6,2025-07-10
231,238,Peinture,ignore,0.0,2025-06-13
111,42,Serrurerie,message_sent,0.6,2025-09-11
229,21,Jardinage,ignore,0.0,2026-05-20
6,17,Nettoyage,view_profile,0.2,2025-09-13
107,95,Peinture,message_sent,0.6,2026-01-24
94,130,Déménagement,ignore,0.0,2025-12-13
296,115,Plomberie,ignore,0.0,2026-01-15
82,289,Nettoyage,view_profile,0.2,2026-01-17
222,124,Climatisation,ignore,0.0,2025-06-06
277,114,Maçonnerie,ignore,0.0,2025-06-20
380,204,Serrurerie,reject_offer,-0.3,2025-11-17
134,32,Nettoyage,view_profile,0.2,2025-11-30
316,282,Peinture,view_profile,0.2,2026-05-27
310,113,Serrurerie,reject_offer,-0.3,2025-09-27
66,237,Jardinage,reject_offer,-0.3,2026-02-11
93,277,Jardinage,ignore,0.0,2025-08-24
294,61,Climatisation,reject_offer,-0.3,2025-09-25
179,25,Climatisation,view_profile,0.2,2026-03-19
220,31,Climatisation,view_profile,0.2,2026-01-10
368,215,Informatique,message_sent,0.6,2026-04-30
170,88,Serrurerie,message_sent,0.6,2025-08-28
284,156,Informatique,message_sent,0.6,2025-09-17
302,251,Menuiserie,view_profile,0.2,2026-04-20
301,192,Nettoyage,view_profile,0.2,2025-06-04
259,280,Climatisation,message_sent,0.6,2025-06-05
215,254,Jardinage,ignore,0.0,2026-01-01
12,87,Jardinage,view_profile,0.2,2025-06-09
341,53,Menuiserie,accept_offer,1.0,2025-08-30
305,24,Jardinage,view_profile,0.2,2025-07-13
191,154,Carrelage,ignore,0.0,2025-10-03
318,17,Nettoyage,view_profile,0.2,2026-03-08
294,18,Jardinage,accept_offer,1.0,2025-08-31
81,179,Menuiserie,ignore,0.0,2025-10-08
106,89,Nettoyage,view_profile,0.2,2025-08-28
126,184,Jardinage,view_profile,0.2,2025-08-21
192,170,Menuiserie,view_profile,0.2,2025-07-04
59,116,Plomberie,ignore,0.0,2025-10-27
169,18,Jardinage,view_profile,0.2,2025-12-28
298,259,Peinture,reject_offer,-0.3,2026-03-17
146,107,Climatisation,accept_offer,1.0,2025-10-07
99,84,Jardinage,view_profile,0.2,2025-10-08
202,84,Jardinage,accept_offer,1.0,2025-08-10
4,276,Jardinage,view_profile,0.2,2026-03-19
383,276,Jardinage,ignore,0.0,2025-09-30
63,65,Serrurerie,reject_offer,-0.3,2025-10-19
386,139,Maçonnerie,view_profile,0.2,2026-03-27
30,228,Nettoyage,reject_offer,-0.3,2026-04-06
202,161,Informatique,ignore,0.0,2026-04-13
308,69,Déménagement,ignore,0.0,2025-08-03
74,125,Jardinage,ignore,0.0,2025-12-26
102,39,Peinture,message_sent,0.6,2025-11-09
302,191,Informatique,view_profile,0.2,2025-07-07
8,197,Peinture,view_profile,0.2,2025-10-19
329,48,Informatique,accept_offer,1.0,2026-01-19
176,51,Carrelage,accept_offer,1.0,2025-09-04
203,229,Nettoyage,view_profile,0.2,2025-09-29
52,247,Plomberie,message_sent,0.6,2025-12-26
66,217,Électricité,ignore,0.0,2025-10-22
243,164,Carrelage,view_profile,0.2,2026-02-19
323,205,Menuiserie,view_profile,0.2,2025-07-26
73,14,Électricité,ignore,0.0,2026-01-07
62,230,Jardinage,reject_offer,-0.3,2025-09-29
14,3,Carrelage,accept_offer,1.0,2025-08-24
338,273,Serrurerie,ignore,0.0,2025-11-12
71,139,Maçonnerie,view_profile,0.2,2025-08-28
362,55,Climatisation,view_profile,0.2,2026-05-23
118,170,Menuiserie,message_sent,0.6,2025-11-13
49,139,Maçonnerie,view_profile,0.2,2025-08-14
52,298,Électricité,accept_offer,1.0,2025-11-04
122,26,Informatique,message_sent,0.6,2026-01-16
249,237,Jardinage,accept_offer,1.0,2025-10-15
239,65,Serrurerie,message_sent,0.6,2025-10-10
68,79,Carrelage,ignore,0.0,2026-02-15
280,121,Menuiserie,reject_offer,-0.3,2025-10-12
322,165,Électricité,reject_offer,-0.3,2026-03-07
57,93,Plomberie,reject_offer,-0.3,2025-06-07
155,278,Serrurerie,message_sent,0.6,2025-06-25
221,253,Déménagement,accept_offer,1.0,2026-03-25
102,107,Climatisation,ignore,0.0,2025-08-30
302,286,Carrelage,message_sent,0.6,2025-07-22
184,30,Climatisation,view_profile,0.2,2026-01-29
367,278,Serrurerie,accept_offer,1.0,2026-01-11
141,30,Climatisation,ignore,0.0,2025-11-21
326,258,Nettoyage,reject_offer,-0.3,2025-12-04
377,270,Électricité,message_sent,0.6,2026-03-08
88,165,Électricité,accept_offer,1.0,2026-06-02
245,70,Nettoyage,message_sent,0.6,2025-08-31
10,261,Déménagement,view_profile,0.2,2026-02-05
65,300,Maçonnerie,reject_offer,-0.3,2025-12-06
157,111,Électricité,ignore,0.0,2026-04-26
164,192,Nettoyage,view_profile,0.2,2026-03-30
201,87,Jardinage,accept_offer,1.0,2025-08-31
94,180,Maçonnerie,view_profile,0.2,2025-07-28
274,94,Jardinage,message_sent,0.6,2026-05-09
326,208,Plomberie,view_profile,0.2,2025-11-04
229,89,Nettoyage,accept_offer,1.0,2025-09-08
302,129,Jardinage,ignore,0.0,2026-04-30
7,47,Climatisation,ignore,0.0,2025-08-29
84,126,Climatisation,ignore,0.0,2025-07-18
148,292,Maçonnerie,accept_offer,1.0,2026-04-04
6,7,Informatique,accept_offer,1.0,2026-05-05
214,202,Nettoyage,view_profile,0.2,2026-05-25
228,21,Jardinage,view_profile,0.2,2025-12-25
1,135,Menuiserie,ignore,0.0,2025-11-26
27,298,Électricité,message_sent,0.6,2025-09-11
95,35,Plomberie,message_sent,0.6,2025-10-27
332,21,Jardinage,view_profile,0.2,2025-09-30
315,39,Peinture,view_profile,0.2,2025-07-17
295,113,Serrurerie,view_profile,0.2,2025-09-14
276,91,Climatisation,view_profile,0.2,2025-11-03
238,48,Informatique,view_profile,0.2,2026-04-03
114,196,Informatique,ignore,0.0,2026-05-25
24,215,Informatique,ignore,0.0,2026-03-01
74,237,Jardinage,message_sent,0.6,2025-06-23
165,205,Menuiserie,view_profile,0.2,2025-07-30
351,215,Informatique,reject_offer,-0.3,2025-07-02
243,224,Peinture,ignore,0.0,2025-12-21
145,112,Plomberie,reject_offer,-0.3,2026-06-04
182,6,Nettoyage,view_profile,0.2,2025-11-17
117,238,Peinture,view_profile,0.2,2025-10-20
217,47,Climatisation,message_sent,0.6,2026-01-07
338,76,Informatique,ignore,0.0,2026-05-14
57,106,Maçonnerie,ignore,0.0,2025-09-13
211,59,Carrelage,view_profile,0.2,2026-04-16
133,145,Jardinage,reject_offer,-0.3,2026-01-12
154,71,Peinture,ignore,0.0,2025-07-24
200,179,Menuiserie,view_profile,0.2,2025-10-29
60,101,Plomberie,message_sent,0.6,2026-01-27
241,199,Déménagement,message_sent,0.6,2026-02-03
216,17,Nettoyage,message_sent,0.6,2026-05-24
107,129,Jardinage,accept_offer,1.0,2025-09-04
320,24,Jardinage,reject_offer,-0.3,2026-01-09
36,243,Serrurerie,view_profile,0.2,2025-11-25
52,262,Carrelage,accept_offer,1.0,2025-06-14
45,254,Jardinage,accept_offer,1.0,2026-03-20
97,89,Nettoyage,view_profile,0.2,2025-09-05
22,87,Jardinage,view_profile,0.2,2025-09-24
228,158,Maçonnerie,view_profile,0.2,2025-10-18
40,255,Peinture,view_profile,0.2,2025-10-19
177,220,Déménagement,reject_offer,-0.3,2025-09-12
257,200,Serrurerie,accept_offer,1.0,2026-01-19
292,6,Nettoyage,view_profile,0.2,2025-11-01
396,275,Déménagement,message_sent,0.6,2025-09-27
194,71,Peinture,message_sent,0.6,2026-03-21
22,144,Électricité,accept_offer,1.0,2025-08-31
102,265,Menuiserie,message_sent,0.6,2026-05-31
137,33,Plomberie,accept_offer,1.0,2025-06-05
305,174,Électricité,view_profile,0.2,2025-11-23
321,161,Informatique,message_sent,0.6,2025-10-19
90,47,Climatisation,message_sent,0.6,2025-10-24
121,165,Électricité,reject_offer,-0.3,2026-04-08
9,17,Nettoyage,accept_offer,1.0,2025-09-24
245,274,Électricité,view_profile,0.2,2026-05-14
219,26,Informatique,view_profile,0.2,2026-05-01
326,211,Maçonnerie,reject_offer,-0.3,2025-11-01
114,234,Déménagement,message_sent,0.6,2026-02-26
135,142,Nettoyage,view_profile,0.2,2025-06-30
203,193,Peinture,view_profile,0.2,2026-01-21
334,180,Maçonnerie,ignore,0.0,2025-10-13
213,240,Climatisation,view_profile,0.2,2025-12-19
387,120,Peinture,message_sent,0.6,2025-07-08
189,153,Serrurerie,ignore,0.0,2025-07-18
266,191,Informatique,reject_offer,-0.3,2026-04-11
293,18,Jardinage,ignore,0.0,2025-08-19
232,244,Déménagement,ignore,0.0,2025-08-28
296,57,Carrelage,view_profile,0.2,2026-02-23
158,172,Plomberie,view_profile,0.2,2026-01-22
333,288,Nettoyage,message_sent,0.6,2025-10-30
121,187,Déménagement,message_sent,0.6,2026-01-09
18,173,Jardinage,ignore,0.0,2025-09-28
362,127,Déménagement,message_sent,0.6,2026-01-07
304,261,Déménagement,view_profile,0.2,2025-06-17
203,248,Nettoyage,accept_offer,1.0,2026-05-10
109,12,Carrelage,reject_offer,-0.3,2026-01-31
359,62,Plomberie,message_sent,0.6,2025-08-12
94,94,Jardinage,message_sent,0.6,2026-02-02
295,144,Électricité,reject_offer,-0.3,2026-04-14
9,263,Jardinage,message_sent,0.6,2026-05-01
260,221,Informatique,view_profile,0.2,2026-02-16
390,169,Déménagement,accept_offer,1.0,2025-06-27
199,242,Nettoyage,reject_offer,-0.3,2026-03-24
213,105,Nettoyage,view_profile,0.2,2025-08-29
357,264,Déménagement,accept_offer,1.0,2026-02-16
388,247,Plomberie,ignore,0.0,2025-06-16
380,162,Nettoyage,reject_offer,-0.3,2026-04-26
166,12,Carrelage,reject_offer,-0.3,2026-04-26
155,293,Jardinage,view_profile,0.2,2025-08-03
356,234,Déménagement,view_profile,0.2,2026-05-01
288,217,Électricité,reject_offer,-0.3,2025-07-13
280,206,Déménagement,accept_offer,1.0,2026-01-16
16,209,Informatique,message_sent,0.6,2025-09-07
32,36,Climatisation,message_sent,0.6,2025-08-26
296,8,Jardinage,message_sent,0.6,2026-03-28
298,91,Climatisation,reject_offer,-0.3,2026-02-19
316,42,Serrurerie,accept_offer,1.0,2026-03-21
275,82,Déménagement,message_sent,0.6,2026-03-18
79,215,Informatique,reject_offer,-0.3,2025-09-16
396,120,Peinture,message_sent,0.6,2026-01-24
378,4,Climatisation,message_sent,0.6,2025-11-08
313,135,Menuiserie,view_profile,0.2,2026-03-31
150,81,Carrelage,view_profile,0.2,2026-05-26
303,275,Déménagement,accept_offer,1.0,2026-05-10
121,45,Jardinage,accept_offer,1.0,2025-10-03
168,155,Peinture,accept_offer,1.0,2026-04-27
308,10,Nettoyage,view_profile,0.2,2025-12-04
397,290,Serrurerie,accept_offer,1.0,2026-01-04
231,14,Électricité,ignore,0.0,2026-04-06
92,33,Plomberie,accept_offer,1.0,2026-03-06
225,98,Informatique,view_profile,0.2,2025-10-14
311,272,Jardinage,view_profile,0.2,2025-10-21
119,288,Nettoyage,ignore,0.0,2025-10-24
338,126,Climatisation,reject_offer,-0.3,2026-05-27
76,39,Peinture,message_sent,0.6,2026-03-06
58,213,Informatique,message_sent,0.6,2025-06-06
198,193,Peinture,ignore,0.0,2025-10-20
340,114,Maçonnerie,accept_offer,1.0,2025-11-26
331,271,Déménagement,accept_offer,1.0,2025-06-30
53,195,Nettoyage,accept_offer,1.0,2025-10-11
396,298,Électricité,ignore,0.0,2026-05-06
73,262,Carrelage,view_profile,0.2,2025-06-04
103,230,Jardinage,reject_offer,-0.3,2025-08-01
244,28,Jardinage,ignore,0.0,2025-08-22
212,153,Serrurerie,view_profile,0.2,2025-06-28
105,16,Peinture,message_sent,0.6,2026-03-07
17,266,Jardinage,accept_offer,1.0,2025-07-07
233,82,Déménagement,message_sent,0.6,2026-03-01
85,213,Informatique,accept_offer,1.0,2026-05-03
395,152,Maçonnerie,reject_offer,-0.3,2026-02-28
168,16,Peinture,accept_offer,1.0,2025-06-13
235,76,Informatique,message_sent,0.6,2026-05-07
297,174,Électricité,ignore,0.0,2025-09-06
329,240,Climatisation,accept_offer,1.0,2025-07-19
39,215,Informatique,message_sent,0.6,2026-01-06
304,58,Jardinage,reject_offer,-0.3,2025-12-18
57,88,Serrurerie,reject_offer,-0.3,2025-12-28
201,68,Peinture,view_profile,0.2,2025-06-20
272,69,Déménagement,reject_offer,-0.3,2025-10-04
320,62,Plomberie,message_sent,0.6,2026-04-25
388,90,Électricité,ignore,0.0,2026-01-05
100,136,Menuiserie,view_profile,0.2,2025-09-23
167,196,Informatique,accept_offer,1.0,2025-09-06
329,130,Déménagement,view_profile,0.2,2026-02-26
349,249,Peinture,ignore,0.0,2025-07-15
92,6,Nettoyage,reject_offer,-0.3,2025-11-02
339,74,Climatisation,view_profile,0.2,2026-05-06
192,111,Électricité,message_sent,0.6,2025-06-13
300,47,Climatisation,ignore,0.0,2025-08-22
115,235,Serrurerie,message_sent,0.6,2025-06-08
94,283,Nettoyage,ignore,0.0,2026-03-22
232,208,Plomberie,reject_offer,-0.3,2026-05-30
31,128,Menuiserie,accept_offer,1.0,2026-05-02
390,230,Jardinage,view_profile,0.2,2025-11-01
125,193,Peinture,view_profile,0.2,2026-05-23
158,22,Peinture,message_sent,0.6,2025-09-25
358,218,Électricité,view_profile,0.2,2025-07-14
359,273,Serrurerie,reject_offer,-0.3,2025-12-09
399,143,Carrelage,accept_offer,1.0,2025-10-06
205,140,Jardinage,reject_offer,-0.3,2026-02-20
280,76,Informatique,view_profile,0.2,2026-03-22
232,256,Informatique,view_profile,0.2,2025-12-10
142,205,Menuiserie,message_sent,0.6,2025-09-13
66,119,Serrurerie,message_sent,0.6,2025-12-16
207,238,Peinture,accept_offer,1.0,2026-04-19
271,209,Informatique,view_profile,0.2,2025-07-11
67,191,Informatique,accept_offer,1.0,2026-03-21
249,90,Électricité,view_profile,0.2,2025-06-29
132,96,Peinture,accept_offer,1.0,2025-12-19
95,85,Maçonnerie,ignore,0.0,2026-03-19
318,66,Nettoyage,view_profile,0.2,2026-01-03
204,38,Déménagement,ignore,0.0,2026-03-22
299,209,Informatique,view_profile,0.2,2025-11-27
194,80,Carrelage,accept_offer,1.0,2026-04-08
376,281,Serrurerie,view_profile,0.2,2025-11-15
385,284,Électricité,reject_offer,-0.3,2025-12-25
285,264,Déménagement,message_sent,0.6,2026-02-12
231,96,Peinture,message_sent,0.6,2026-01-12
7,155,Peinture,view_profile,0.2,2025-10-12
269,89,Nettoyage,view_profile,0.2,2025-10-10
312,127,Déménagement,view_profile,0.2,2025-09-14
309,271,Déménagement,reject_offer,-0.3,2026-04-06
44,80,Carrelage,ignore,0.0,2025-12-27
6,16,Peinture,view_profile,0.2,2025-07-08
149,153,Serrurerie,view_profile,0.2,2026-05-07
358,239,Maçonnerie,ignore,0.0,2025-08-18
316,35,Plomberie,ignore,0.0,2025-11-07
380,117,Peinture,ignore,0.0,2025-10-27
375,289,Nettoyage,view_profile,0.2,2025-11-04
61,9,Jardinage,view_profile,0.2,2026-03-25
254,165,Électricité,view_profile,0.2,2026-04-25
279,241,Maçonnerie,view_profile,0.2,2026-04-02
314,277,Jardinage,message_sent,0.6,2025-11-18
344,197,Peinture,view_profile,0.2,2026-05-11
358,70,Nettoyage,view_profile,0.2,2025-06-09
169,78,Plomberie,view_profile,0.2,2025-09-05
120,173,Jardinage,reject_offer,-0.3,2025-06-19
292,249,Peinture,ignore,0.0,2026-01-09
312,53,Menuiserie,accept_offer,1.0,2025-10-15
287,206,Déménagement,view_profile,0.2,2026-03-22
398,280,Climatisation,ignore,0.0,2025-06-21
333,190,Climatisation,message_sent,0.6,2025-08-10
3,44,Maçonnerie,message_sent,0.6,2025-12-07
126,2,Électricité,message_sent,0.6,2025-12-30
210,52,Nettoyage,ignore,0.0,2026-01-10
293,171,Déménagement,ignore,0.0,2025-08-21
388,149,Climatisation,reject_offer,-0.3,2025-06-07
159,127,Déménagement,reject_offer,-0.3,2025-11-08
252,132,Menuiserie,view_profile,0.2,2025-08-26
163,116,Plomberie,ignore,0.0,2026-05-06
100,247,Plomberie,accept_offer,1.0,2025-11-12
208,50,Déménagement,view_profile,0.2,2026-02-13
251,254,Jardinage,view_profile,0.2,2025-08-29
38,255,Peinture,ignore,0.0,2025-11-30
32,116,Plomberie,message_sent,0.6,2026-03-25
391,92,Nettoyage,ignore,0.0,2025-08-18
356,171,Déménagement,reject_offer,-0.3,2026-03-29
306,37,Plomberie,accept_offer,1.0,2026-02-23
248,100,Informatique,view_profile,0.2,2025-06-24
98,153,Serrurerie,reject_offer,-0.3,2025-11-01
159,141,Électricité,reject_offer,-0.3,2025-10-28
282,1,Maçonnerie,reject_offer,-0.3,2026-02-11
221,14,Électricité,message_sent,0.6,2026-03-04
213,66,Nettoyage,reject_offer,-0.3,2025-11-12
34,3,Carrelage,accept_offer,1.0,2026-01-30
212,165,Électricité,view_profile,0.2,2026-04-11
37,242,Nettoyage,accept_offer,1.0,2026-05-22
286,183,Menuiserie,view_profile,0.2,2026-05-25
123,86,Climatisation,ignore,0.0,2026-04-03
178,41,Plomberie,view_profile,0.2,2025-12-17
99,131,Déménagement,view_profile,0.2,2025-07-11
286,182,Déménagement,message_sent,0.6,2025-11-27
178,279,Climatisation,reject_offer,-0.3,2025-07-22
165,232,Menuiserie,view_profile,0.2,2026-04-17
201,188,Jardinage,view_profile,0.2,2026-05-11
60,204,Serrurerie,view_profile,0.2,2026-02-10
243,2,Électricité,view_profile,0.2,2025-06-09
301,126,Climatisation,ignore,0.0,2025-06-10
368,160,Informatique,view_profile,0.2,2025-11-10
61,277,Jardinage,view_profile,0.2,2025-06-13
390,128,Menuiserie,accept_offer,1.0,2026-06-03
280,77,Maçonnerie,view_profile,0.2,2026-03-07
13,108,Maçonnerie,accept_offer,1.0,2025-12-22
394,83,Nettoyage,reject_offer,-0.3,2025-06-24
123,264,Déménagement,message_sent,0.6,2026-03-09
284,205,Menuiserie,accept_offer,1.0,2025-10-24
322,11,Déménagement,accept_offer,1.0,2026-03-04
277,7,Informatique,view_profile,0.2,2025-11-15
81,174,Électricité,view_profile,0.2,2025-12-16
145,224,Peinture,reject_offer,-0.3,2025-09-17
105,122,Plomberie,view_profile,0.2,2026-01-03
68,103,Maçonnerie,view_profile,0.2,2025-09-09
310,240,Climatisation,view_profile,0.2,2025-06-14
258,260,Climatisation,ignore,0.0,2026-01-11
250,22,Peinture,message_sent,0.6,2026-04-09
286,248,Nettoyage,ignore,0.0,2025-06-25
306,87,Jardinage,view_profile,0.2,2026-05-17
367,61,Climatisation,accept_offer,1.0,2026-04-14
48,277,Jardinage,reject_offer,-0.3,2026-05-24
323,145,Jardinage,ignore,0.0,2025-07-14
48,103,Maçonnerie,accept_offer,1.0,2025-08-17
200,194,Jardinage,view_profile,0.2,2025-11-22
276,142,Nettoyage,accept_offer,1.0,2026-03-18
25,176,Carrelage,view_profile,0.2,2025-12-25
124,96,Peinture,accept_offer,1.0,2025-07-31
305,207,Peinture,view_profile,0.2,2026-01-22
351,82,Déménagement,view_profile,0.2,2025-11-11
116,241,Maçonnerie,accept_offer,1.0,2026-02-02
245,140,Jardinage,message_sent,0.6,2025-10-24
152,246,Informatique,reject_offer,-0.3,2025-07-03
273,71,Peinture,ignore,0.0,2025-09-12
41,228,Nettoyage,reject_offer,-0.3,2025-10-30
200,38,Déménagement,reject_offer,-0.3,2026-03-24
174,125,Jardinage,accept_offer,1.0,2026-01-05
249,199,Déménagement,ignore,0.0,2025-08-10
209,93,Plomberie,view_profile,0.2,2026-05-29
389,296,Serrurerie,message_sent,0.6,2025-06-05
187,119,Serrurerie,ignore,0.0,2025-08-13
384,197,Peinture,view_profile,0.2,2026-03-04
155,9,Jardinage,view_profile,0.2,2026-02-07
285,230,Jardinage,view_profile,0.2,2025-12-19
265,206,Déménagement,view_profile,0.2,2025-06-30
202,122,Plomberie,view_profile,0.2,2025-12-23
123,223,Jardinage,reject_offer,-0.3,2025-12-10
23,67,Jardinage,reject_offer,-0.3,2026-04-28
45,220,Déménagement,view_profile,0.2,2025-06-08
320,280,Climatisation,accept_offer,1.0,2025-06-09
111,23,Informatique,accept_offer,1.0,2025-08-27
31,122,Plomberie,accept_offer,1.0,2025-08-16
187,70,Nettoyage,view_profile,0.2,2025-10-16
174,81,Carrelage,accept_offer,1.0,2026-01-25
388,190,Climatisation,accept_offer,1.0,2026-05-26
306,188,Jardinage,view_profile,0.2,2025-07-31
295,96,Peinture,ignore,0.0,2025-06-25
26,274,Électricité,message_sent,0.6,2025-08-11
238,179,Menuiserie,ignore,0.0,2026-02-11
152,165,Électricité,view_profile,0.2,2025-10-21
323,71,Peinture,view_profile,0.2,2025-10-28
383,286,Carrelage,ignore,0.0,2025-10-26
356,147,Informatique,ignore,0.0,2025-09-27
264,47,Climatisation,view_profile,0.2,2025-06-12
323,288,Nettoyage,view_profile,0.2,2026-03-11
305,200,Serrurerie,view_profile,0.2,2025-11-30
272,109,Peinture,view_profile,0.2,2025-10-26
391,170,Menuiserie,message_sent,0.6,2025-12-28
81,86,Climatisation,accept_offer,1.0,2026-05-21
190,77,Maçonnerie,view_profile,0.2,2026-04-15
254,27,Nettoyage,view_profile,0.2,2025-12-29
195,7,Informatique,view_profile,0.2,2025-12-30
53,216,Carrelage,reject_offer,-0.3,2025-11-09
278,217,Électricité,view_profile,0.2,2025-06-09
152,230,Jardinage,ignore,0.0,2025-08-21
388,216,Carrelage,ignore,0.0,2025-12-28
9,68,Peinture,view_profile,0.2,2025-07-06
188,259,Peinture,message_sent,0.6,2025-07-10
192,102,Électricité,accept_offer,1.0,2025-07-08
226,118,Plomberie,accept_offer,1.0,2026-04-25
47,217,Électricité,message_sent,0.6,2025-07-22
162,217,Électricité,view_profile,0.2,2026-02-28
226,293,Jardinage,view_profile,0.2,2025-08-09
92,131,Déménagement,view_profile,0.2,2025-09-19
126,168,Menuiserie,view_profile,0.2,2026-03-21
136,29,Maçonnerie,reject_offer,-0.3,2025-10-17
375,188,Jardinage,view_profile,0.2,2026-05-18
164,240,Climatisation,accept_offer,1.0,2025-11-14
371,236,Peinture,view_profile,0.2,2025-07-14
389,269,Carrelage,accept_offer,1.0,2026-03-03
204,223,Jardinage,ignore,0.0,2025-11-04
368,208,Plomberie,accept_offer,1.0,2026-01-09
170,199,Déménagement,ignore,0.0,2026-03-14
121,100,Informatique,ignore,0.0,2026-06-04
311,254,Jardinage,view_profile,0.2,2026-05-13
287,236,Peinture,message_sent,0.6,2025-06-07
192,240,Climatisation,view_profile,0.2,2025-09-07
125,245,Serrurerie,reject_offer,-0.3,2025-07-19
278,136,Menuiserie,view_profile,0.2,2025-06-07
329,52,Nettoyage,accept_offer,1.0,2025-08-26
14,185,Nettoyage,message_sent,0.6,2025-10-05
112,98,Informatique,ignore,0.0,2025-08-16
354,246,Informatique,view_profile,0.2,2026-05-19
69,108,Maçonnerie,accept_offer,1.0,2025-12-28
149,133,Déménagement,view_profile,0.2,2026-03-18
69,165,Électricité,view_profile,0.2,2025-08-26
203,236,Peinture,message_sent,0.6,2026-04-03
335,96,Peinture,view_profile,0.2,2026-01-14
243,122,Plomberie,accept_offer,1.0,2026-06-02
82,115,Plomberie,reject_offer,-0.3,2025-11-24
334,73,Nettoyage,view_profile,0.2,2025-10-04
352,94,Jardinage,view_profile,0.2,2025-07-22
129,1,Maçonnerie,view_profile,0.2,2026-04-15
97,117,Peinture,reject_offer,-0.3,2025-09-01
265,143,Carrelage,view_profile,0.2,2025-09-20
153,254,Jardinage,accept_offer,1.0,2026-04-09
303,269,Carrelage,view_profile,0.2,2026-04-11
5,248,Nettoyage,view_profile,0.2,2025-11-15
44,169,Déménagement,reject_offer,-0.3,2026-05-23
176,65,Serrurerie,ignore,0.0,2025-07-03
227,166,Climatisation,message_sent,0.6,2026-05-23
312,36,Climatisation,view_profile,0.2,2025-09-25
64,16,Peinture,view_profile,0.2,2025-12-22
146,126,Climatisation,view_profile,0.2,2025-08-22
95,222,Déménagement,ignore,0.0,2025-08-20
66,253,Déménagement,message_sent,0.6,2026-01-29
112,105,Nettoyage,ignore,0.0,2026-01-02
372,260,Climatisation,accept_offer,1.0,2025-06-21
204,206,Déménagement,ignore,0.0,2026-02-03
15,227,Plomberie,view_profile,0.2,2026-03-16
186,27,Nettoyage,view_profile,0.2,2025-06-21
172,161,Informatique,view_profile,0.2,2026-02-16
156,70,Nettoyage,accept_offer,1.0,2025-07-17
373,20,Informatique,accept_offer,1.0,2026-06-01
153,28,Jardinage,view_profile,0.2,2026-02-12
139,10,Nettoyage,accept_offer,1.0,2026-01-12
243,188,Jardinage,message_sent,0.6,2026-01-09
233,216,Carrelage,view_profile,0.2,2026-03-22
2,221,Informatique,reject_offer,-0.3,2025-06-11
21,126,Climatisation,reject_offer,-0.3,2025-09-09
261,183,Menuiserie,accept_offer,1.0,2025-12-27
135,211,Maçonnerie,reject_offer,-0.3,2025-10-26
294,230,Jardinage,view_profile,0.2,2026-04-04
249,107,Climatisation,view_profile,0.2,2025-09-23
301,293,Jardinage,accept_offer,1.0,2026-03-25
278,143,Carrelage,reject_offer,-0.3,2026-04-06
40,132,Menuiserie,accept_offer,1.0,2026-05-31
260,219,Électricité,view_profile,0.2,2026-04-17
162,161,Informatique,view_profile,0.2,2025-10-26
306,107,Climatisation,view_profile,0.2,2026-01-03
397,224,Peinture,view_profile,0.2,2025-08-08
68,114,Maçonnerie,ignore,0.0,2025-10-13
196,52,Nettoyage,view_profile,0.2,2025-08-23
368,281,Serrurerie,accept_offer,1.0,2026-03-04
334,39,Peinture,accept_offer,1.0,2025-07-27
169,148,Informatique,accept_offer,1.0,2025-11-24
117,129,Jardinage,view_profile,0.2,2026-05-28
38,94,Jardinage,accept_offer,1.0,2026-01-13
380,84,Jardinage,view_profile,0.2,2025-09-10
303,272,Jardinage,reject_offer,-0.3,2025-11-06
255,154,Carrelage,view_profile,0.2,2026-04-26
83,175,Électricité,message_sent,0.6,2026-01-26
383,259,Peinture,accept_offer,1.0,2025-07-06
263,257,Carrelage,message_sent,0.6,2025-08-08
105,231,Serrurerie,message_sent,0.6,2026-03-10
333,248,Nettoyage,view_profile,0.2,2026-05-06
280,149,Climatisation,view_profile,0.2,2026-02-26
26,197,Peinture,accept_offer,1.0,2025-09-14
358,131,Déménagement,accept_offer,1.0,2025-12-10
206,157,Déménagement,message_sent,0.6,2026-03-25
307,275,Déménagement,ignore,0.0,2025-10-20
201,13,Plomberie,reject_offer,-0.3,2025-11-17
264,220,Déménagement,accept_offer,1.0,2026-04-19
138,291,Serrurerie,reject_offer,-0.3,2025-12-19
99,278,Serrurerie,view_profile,0.2,2025-06-05
318,228,Nettoyage,view_profile,0.2,2025-12-23
62,26,Informatique,reject_offer,-0.3,2025-07-04
294,73,Nettoyage,message_sent,0.6,2025-12-17
206,68,Peinture,view_profile,0.2,2026-01-04
166,183,Menuiserie,ignore,0.0,2026-01-20
351,260,Climatisation,message_sent,0.6,2025-10-24
170,256,Informatique,accept_offer,1.0,2026-02-26
205,166,Climatisation,view_profile,0.2,2025-12-04
253,181,Climatisation,view_profile,0.2,2025-08-31
131,241,Maçonnerie,message_sent,0.6,2025-06-06
4,27,Nettoyage,message_sent,0.6,2026-01-18
173,267,Déménagement,reject_offer,-0.3,2026-01-02
272,68,Peinture,view_profile,0.2,2025-07-03
183,37,Plomberie,message_sent,0.6,2025-12-01
131,167,Plomberie,view_profile,0.2,2025-09-01
132,155,Peinture,view_profile,0.2,2026-02-21
302,242,Nettoyage,ignore,0.0,2025-06-06
74,104,Nettoyage,view_profile,0.2,2025-12-29
274,219,Électricité,view_profile,0.2,2025-10-01
163,241,Maçonnerie,ignore,0.0,2025-07-06
232,11,Déménagement,ignore,0.0,2025-12-30
100,24,Jardinage,ignore,0.0,2025-11-03
138,79,Carrelage,ignore,0.0,2026-02-21
330,211,Maçonnerie,view_profile,0.2,2025-06-27
356,171,Déménagement,reject_offer,-0.3,2026-03-07
314,274,Électricité,view_profile,0.2,2026-04-11
398,143,Carrelage,reject_offer,-0.3,2025-09-20
138,297,Climatisation,view_profile,0.2,2026-01-11
327,34,Serrurerie,reject_offer,-0.3,2026-02-02
306,249,Peinture,ignore,0.0,2026-03-25
250,70,Nettoyage,reject_offer,-0.3,2025-11-23
79,285,Climatisation,view_profile,0.2,2025-09-19
186,200,Serrurerie,accept_offer,1.0,2026-02-28
7,153,Serrurerie,view_profile,0.2,2025-06-25
238,105,Nettoyage,message_sent,0.6,2025-12-14
385,252,Menuiserie,view_profile,0.2,2026-02-19
8,294,Nettoyage,view_profile,0.2,2026-04-27
328,115,Plomberie,accept_offer,1.0,2026-05-16
10,173,Jardinage,accept_offer,1.0,2026-04-21
390,281,Serrurerie,view_profile,0.2,2026-05-06
222,1,Maçonnerie,view_profile,0.2,2026-04-15
129,139,Maçonnerie,view_profile,0.2,2025-06-26
120,47,Climatisation,message_sent,0.6,2026-03-02
308,72,Nettoyage,view_profile,0.2,2025-10-25
313,9,Jardinage,message_sent,0.6,2025-11-10
79,21,Jardinage,view_profile,0.2,2026-03-19
381,226,Menuiserie,accept_offer,1.0,2026-01-31
147,273,Serrurerie,message_sent,0.6,2025-12-06
313,188,Jardinage,ignore,0.0,2025-08-01
337,159,Carrelage,view_profile,0.2,2026-01-07
378,137,Menuiserie,ignore,0.0,2026-05-21
268,82,Déménagement,view_profile,0.2,2026-02-15
268,67,Jardinage,reject_offer,-0.3,2025-11-14
329,267,Déménagement,ignore,0.0,2026-05-26
264,142,Nettoyage,view_profile,0.2,2026-01-05
82,126,Climatisation,accept_offer,1.0,2025-09-24
87,220,Déménagement,view_profile,0.2,2026-04-29
185,281,Serrurerie,message_sent,0.6,2026-04-18
388,144,Électricité,view_profile,0.2,2026-01-05
247,150,Carrelage,ignore,0.0,2025-09-19
51,228,Nettoyage,view_profile,0.2,2025-06-05
197,207,Peinture,view_profile,0.2,2026-04-02
110,45,Jardinage,message_sent,0.6,2026-03-02
392,47,Climatisation,message_sent,0.6,2026-02-15
77,151,Déménagement,reject_offer,-0.3,2025-12-16
186,175,Électricité,accept_offer,1.0,2026-01-02
319,281,Serrurerie,accept_offer,1.0,2025-06-15
216,79,Carrelage,view_profile,0.2,2026-01-25
372,74,Climatisation,view_profile,0.2,2026-02-01
61,231,Serrurerie,accept_offer,1.0,2026-03-27
14,78,Plomberie,ignore,0.0,2025-09-28
242,294,Nettoyage,view_profile,0.2,2026-06-01
391,220,Déménagement,view_profile,0.2,2025-10-21
366,278,Serrurerie,accept_offer,1.0,2026-01-19
29,283,Nettoyage,view_profile,0.2,2026-01-28
229,298,Électricité,view_profile,0.2,2025-10-14
37,228,Nettoyage,message_sent,0.6,2025-11-11
161,104,Nettoyage,accept_offer,1.0,2025-07-13
279,277,Jardinage,accept_offer,1.0,2025-06-24
232,108,Maçonnerie,message_sent,0.6,2025-07-07
181,299,Plomberie,view_profile,0.2,2026-02-11
309,30,Climatisation,accept_offer,1.0,2025-11-05
190,262,Carrelage,ignore,0.0,2026-06-03
322,200,Serrurerie,view_profile,0.2,2026-03-12
108,259,Peinture,view_profile,0.2,2026-02-21
227,211,Maçonnerie,view_profile,0.2,2025-06-15
80,9,Jardinage,accept_offer,1.0,2025-12-25
41,78,Plomberie,view_profile,0.2,2025-12-25
349,56,Peinture,view_profile,0.2,2026-04-23
342,15,Maçonnerie,accept_offer,1.0,2025-11-21
378,46,Serrurerie,message_sent,0.6,2026-03-10
52,80,Carrelage,ignore,0.0,2026-05-01
277,268,Menuiserie,accept_offer,1.0,2026-05-05
391,51,Carrelage,message_sent,0.6,2025-08-11
14,251,Menuiserie,view_profile,0.2,2025-12-26
199,19,Nettoyage,ignore,0.0,2025-06-28
233,68,Peinture,view_profile,0.2,2025-08-18
302,285,Climatisation,view_profile,0.2,2026-03-14
311,119,Serrurerie,view_profile,0.2,2026-05-31
262,224,Peinture,accept_offer,1.0,2026-04-11
233,24,Jardinage,view_profile,0.2,2025-11-12
23,216,Carrelage,message_sent,0.6,2026-01-25
262,212,Menuiserie,ignore,0.0,2025-09-27
98,174,Électricité,message_sent,0.6,2026-01-18
7,250,Climatisation,message_sent,0.6,2025-07-25
393,88,Serrurerie,reject_offer,-0.3,2026-05-06
112,52,Nettoyage,view_profile,0.2,2025-11-25
324,22,Peinture,accept_offer,1.0,2025-11-13
226,17,Nettoyage,message_sent,0.6,2026-04-29
48,269,Carrelage,message_sent,0.6,2026-04-08
346,114,Maçonnerie,message_sent,0.6,2026-06-02
144,135,Menuiserie,view_profile,0.2,2025-12-09
261,276,Jardinage,view_profile,0.2,2025-07-13
160,33,Plomberie,view_profile,0.2,2026-02-06
27,53,Menuiserie,reject_offer,-0.3,2025-09-28
332,166,Climatisation,ignore,0.0,2025-09-13
206,275,Déménagement,ignore,0.0,2025-08-01
167,202,Nettoyage,reject_offer,-0.3,2026-03-04
309,39,Peinture,reject_offer,-0.3,2026-03-29
328,225,Serrurerie,ignore,0.0,2026-01-20
317,229,Nettoyage,message_sent,0.6,2025-08-15
119,155,Peinture,reject_offer,-0.3,2026-04-21
137,183,Menuiserie,message_sent,0.6,2025-10-31
135,211,Maçonnerie,ignore,0.0,2026-03-25
151,13,Plomberie,ignore,0.0,2025-09-30
396,217,Électricité,reject_offer,-0.3,2026-01-08
153,12,Carrelage,view_profile,0.2,2025-09-23
69,164,Carrelage,message_sent,0.6,2026-02-14
260,107,Climatisation,ignore,0.0,2025-12-02
299,256,Informatique,message_sent,0.6,2026-05-31
83,76,Informatique,accept_offer,1.0,2025-10-01
54,261,Déménagement,message_sent,0.6,2026-03-17
397,107,Climatisation,reject_offer,-0.3,2025-08-12
290,46,Serrurerie,view_profile,0.2,2025-12-09
362,156,Informatique,accept_offer,1.0,2025-09-28
117,90,Électricité,view_profile,0.2,2025-12-13
378,191,Informatique,view_profile,0.2,2025-11-28
321,131,Déménagement,message_sent,0.6,2026-03-29
222,200,Serrurerie,view_profile,0.2,2026-01-28
107,154,Carrelage,view_profile,0.2,2025-12-17
242,131,Déménagement,message_sent,0.6,2025-08-05
177,294,Nettoyage,message_sent,0.6,2025-10-27
333,43,Déménagement,ignore,0.0,2026-02-08
138,59,Carrelage,message_sent,0.6,2026-01-16
2,173,Jardinage,view_profile,0.2,2025-08-25
85,40,Jardinage,message_sent,0.6,2025-07-22
208,290,Serrurerie,accept_offer,1.0,2026-04-30
147,51,Carrelage,view_profile,0.2,2025-11-04
141,246,Informatique,message_sent,0.6,2025-07-03
362,131,Déménagement,reject_offer,-0.3,2025-09-16
356,250,Climatisation,reject_offer,-0.3,2025-10-29
14,66,Nettoyage,accept_offer,1.0,2025-08-07
275,208,Plomberie,view_profile,0.2,2026-04-26
124,104,Nettoyage,reject_offer,-0.3,2025-06-18
78,218,Électricité,ignore,0.0,2026-04-24
179,16,Peinture,accept_offer,1.0,2026-04-30
300,197,Peinture,reject_offer,-0.3,2025-09-07
60,286,Carrelage,ignore,0.0,2026-01-02
194,232,Menuiserie,message_sent,0.6,2026-04-07
383,194,Jardinage,ignore,0.0,2026-01-01
223,40,Jardinage,view_profile,0.2,2025-11-11
383,202,Nettoyage,ignore,0.0,2025-10-24
90,17,Nettoyage,view_profile,0.2,2025-08-08
69,113,Serrurerie,view_profile,0.2,2026-04-01
279,21,Jardinage,view_profile,0.2,2025-09-18
372,225,Serrurerie,ignore,0.0,2026-03-14
114,216,Carrelage,message_sent,0.6,2026-04-16
380,9,Jardinage,view_profile,0.2,2026-01-21
315,37,Plomberie,view_profile,0.2,2026-04-25
156,142,Nettoyage,reject_offer,-0.3,2025-08-04
141,151,Déménagement,view_profile,0.2,2025-08-27
109,126,Climatisation,reject_offer,-0.3,2025-11-30
33,235,Serrurerie,view_profile,0.2,2025-12-23
185,223,Jardinage,ignore,0.0,2025-08-14
193,27,Nettoyage,view_profile,0.2,2025-12-17
127,251,Menuiserie,reject_offer,-0.3,2025-12-15
112,35,Plomberie,accept_offer,1.0,2025-12-03
377,196,Informatique,ignore,0.0,2026-04-24
172,183,Menuiserie,accept_offer,1.0,2025-08-23
328,94,Jardinage,message_sent,0.6,2026-01-14
193,135,Menuiserie,reject_offer,-0.3,2025-11-03
312,24,Jardinage,view_profile,0.2,2026-03-11
166,2,Électricité,ignore,0.0,2025-11-22
176,33,Plomberie,reject_offer,-0.3,2025-09-18
139,148,Informatique,ignore,0.0,2025-10-12
282,205,Menuiserie,message_sent,0.6,2025-09-04
274,275,Déménagement,view_profile,0.2,2025-06-04
154,241,Maçonnerie,reject_offer,-0.3,2025-10-01
34,130,Déménagement,ignore,0.0,2025-10-23
194,43,Déménagement,message_sent,0.6,2026-02-05
150,298,Électricité,reject_offer,-0.3,2025-08-19
184,48,Informatique,view_profile,0.2,2026-05-26
302,235,Serrurerie,message_sent,0.6,2026-01-28
302,163,Nettoyage,view_profile,0.2,2025-08-11
353,5,Nettoyage,view_profile,0.2,2026-03-29
165,147,Informatique,view_profile,0.2,2026-02-12
334,223,Jardinage,message_sent,0.6,2026-02-22
100,27,Nettoyage,accept_offer,1.0,2025-12-12
258,27,Nettoyage,view_profile,0.2,2026-05-26
275,246,Informatique,ignore,0.0,2025-07-17
160,106,Maçonnerie,accept_offer,1.0,2025-11-17
48,34,Serrurerie,view_profile,0.2,2026-01-11
247,274,Électricité,message_sent,0.6,2026-04-23
54,8,Jardinage,message_sent,0.6,2026-03-11
40,281,Serrurerie,message_sent,0.6,2025-06-27
315,208,Plomberie,accept_offer,1.0,2025-11-14
217,155,Peinture,view_profile,0.2,2026-01-22
28,209,Informatique,accept_offer,1.0,2026-05-03
2,74,Climatisation,ignore,0.0,2026-03-27
337,102,Électricité,view_profile,0.2,2025-07-10
191,135,Menuiserie,view_profile,0.2,2025-09-12
7,207,Peinture,view_profile,0.2,2025-09-06
100,28,Jardinage,view_profile,0.2,2026-02-16
222,172,Plomberie,ignore,0.0,2026-05-23
172,10,Nettoyage,accept_offer,1.0,2025-08-13
87,148,Informatique,reject_offer,-0.3,2025-07-23
149,79,Carrelage,view_profile,0.2,2025-12-30
246,19,Nettoyage,view_profile,0.2,2025-07-12
132,164,Carrelage,reject_offer,-0.3,2026-03-20
73,10,Nettoyage,view_profile,0.2,2025-12-26
218,128,Menuiserie,view_profile,0.2,2026-02-24
73,66,Nettoyage,view_profile,0.2,2025-08-12
143,20,Informatique,view_profile,0.2,2025-11-14
119,67,Jardinage,view_profile,0.2,2025-09-02
25,191,Informatique,message_sent,0.6,2026-05-05
15,49,Déménagement,ignore,0.0,2026-04-14
388,24,Jardinage,ignore,0.0,2025-08-01
389,107,Climatisation,view_profile,0.2,2025-11-08
108,115,Plomberie,accept_offer,1.0,2025-09-10
117,90,Électricité,message_sent,0.6,2026-02-23
194,60,Serrurerie,reject_offer,-0.3,2025-08-24
125,131,Déménagement,view_profile,0.2,2025-12-31
348,146,Peinture,view_profile,0.2,2025-09-22
156,96,Peinture,message_sent,0.6,2025-11-03
396,153,Serrurerie,accept_offer,1.0,2026-01-09
3,89,Nettoyage,view_profile,0.2,2026-02-21
221,220,Déménagement,view_profile,0.2,2025-09-01
382,28,Jardinage,reject_offer,-0.3,2026-03-29
183,127,Déménagement,message_sent,0.6,2026-01-22
326,243,Serrurerie,accept_offer,1.0,2025-10-06
142,294,Nettoyage,accept_offer,1.0,2026-04-20
185,91,Climatisation,accept_offer,1.0,2025-09-30
183,208,Plomberie,reject_offer,-0.3,2025-07-21
172,91,Climatisation,ignore,0.0,2025-12-27
190,171,Déménagement,accept_offer,1.0,2025-07-07
137,250,Climatisation,reject_offer,-0.3,2025-12-20
81,190,Climatisation,reject_offer,-0.3,2026-04-27
262,32,Nettoyage,accept_offer,1.0,2026-01-03
214,154,Carrelage,view_profile,0.2,2026-02-01
190,113,Serrurerie,view_profile,0.2,2026-03-28
358,190,Climatisation,view_profile,0.2,2026-01-16
399,139,Maçonnerie,ignore,0.0,2025-12-22
223,163,Nettoyage,accept_offer,1.0,2025-11-24
107,288,Nettoyage,accept_offer,1.0,2026-05-22
359,209,Informatique,view_profile,0.2,2026-04-24
393,296,Serrurerie,accept_offer,1.0,2025-11-24
383,128,Menuiserie,view_profile,0.2,2025-09-15
363,199,Déménagement,message_sent,0.6,2026-04-03
78,153,Serrurerie,view_profile,0.2,2026-02-02
42,81,Carrelage,accept_offer,1.0,2026-04-30
358,215,Informatique,ignore,0.0,2026-04-20
281,115,Plomberie,view_profile,0.2,2025-09-20
338,147,Informatique,message_sent,0.6,2025-11-19
257,220,Déménagement,view_profile,0.2,2026-03-26
14,212,Menuiserie,reject_offer,-0.3,2025-12-22
375,276,Jardinage,view_profile,0.2,2026-03-20
241,122,Plomberie,accept_offer,1.0,2026-03-10
337,40,Jardinage,message_sent,0.6,2025-12-02
115,257,Carrelage,view_profile,0.2,2025-12-22
264,101,Plomberie,accept_offer,1.0,2025-07-19
15,126,Climatisation,view_profile,0.2,2025-09-18
243,67,Jardinage,message_sent,0.6,2026-01-31
354,86,Climatisation,reject_offer,-0.3,2025-06-06
49,141,Électricité,message_sent,0.6,2026-01-06
247,284,Électricité,ignore,0.0,2025-06-13
285,72,Nettoyage,message_sent,0.6,2025-10-22
294,107,Climatisation,view_profile,0.2,2025-08-05
147,204,Serrurerie,reject_offer,-0.3,2026-04-03
394,153,Serrurerie,reject_offer,-0.3,2026-01-16
204,95,Peinture,view_profile,0.2,2025-10-24
74,297,Climatisation,ignore,0.0,2026-04-24
85,199,Déménagement,reject_offer,-0.3,2025-11-02
177,208,Plomberie,view_profile,0.2,2025-09-09
307,56,Peinture,message_sent,0.6,2026-03-30
302,154,Carrelage,view_profile,0.2,2025-12-23
294,135,Menuiserie,message_sent,0.6,2026-05-10
41,57,Carrelage,view_profile,0.2,2026-01-01
360,197,Peinture,reject_offer,-0.3,2026-03-21
236,46,Serrurerie,accept_offer,1.0,2026-01-21
345,14,Électricité,message_sent,0.6,2026-03-12
115,112,Plomberie,view_profile,0.2,2026-04-07
57,17,Nettoyage,view_profile,0.2,2025-12-20
56,87,Jardinage,view_profile,0.2,2026-03-23
15,59,Carrelage,message_sent,0.6,2025-10-08
291,140,Jardinage,reject_offer,-0.3,2025-06-21
390,42,Serrurerie,view_profile,0.2,2025-09-30
140,140,Jardinage,view_profile,0.2,2026-05-10
215,247,Plomberie,accept_offer,1.0,2025-09-17
352,141,Électricité,message_sent,0.6,2025-07-25
145,24,Jardinage,reject_offer,-0.3,2026-03-10
354,136,Menuiserie,view_profile,0.2,2025-07-05
37,223,Jardinage,message_sent,0.6,2025-09-22
20,38,Déménagement,ignore,0.0,2026-03-09
47,54,Menuiserie,message_sent,0.6,2025-10-26
297,43,Déménagement,reject_offer,-0.3,2025-06-28
160,83,Nettoyage,ignore,0.0,2025-06-23
78,272,Jardinage,accept_offer,1.0,2026-01-03
214,61,Climatisation,message_sent,0.6,2026-03-09
17,38,Déménagement,ignore,0.0,2026-04-08
21,127,Déménagement,view_profile,0.2,2025-08-05
395,103,Maçonnerie,view_profile,0.2,2025-11-19
155,284,Électricité,view_profile,0.2,2025-08-22
31,108,Maçonnerie,view_profile,0.2,2025-07-12
218,32,Nettoyage,accept_offer,1.0,2026-03-20
344,50,Déménagement,message_sent,0.6,2026-04-02
52,106,Maçonnerie,ignore,0.0,2025-12-16
31,41,Plomberie,view_profile,0.2,2026-02-05
51,45,Jardinage,reject_offer,-0.3,2025-08-02
105,70,Nettoyage,reject_offer,-0.3,2025-07-24
299,159,Carrelage,ignore,0.0,2025-06-12
70,156,Informatique,ignore,0.0,2026-05-12
3,83,Nettoyage,ignore,0.0,2026-02-25
285,46,Serrurerie,view_profile,0.2,2025-08-04
68,274,Électricité,message_sent,0.6,2026-04-23
154,163,Nettoyage,view_profile,0.2,2026-02-07
357,39,Peinture,reject_offer,-0.3,2026-04-11
110,224,Peinture,message_sent,0.6,2026-02-20
189,252,Menuiserie,message_sent,0.6,2026-01-09
97,37,Plomberie,view_profile,0.2,2025-07-14
20,256,Informatique,view_profile,0.2,2025-07-30
337,195,Nettoyage,view_profile,0.2,2026-03-26
147,87,Jardinage,view_profile,0.2,2025-08-20
61,179,Menuiserie,view_profile,0.2,2025-06-28
39,122,Plomberie,view_profile,0.2,2025-11-22
112,170,Menuiserie,view_profile,0.2,2026-04-05
340,222,Déménagement,ignore,0.0,2025-09-06
199,35,Plomberie,message_sent,0.6,2025-10-11
177,173,Jardinage,view_profile,0.2,2025-11-16
90,255,Peinture,reject_offer,-0.3,2025-07-12
2,72,Nettoyage,accept_offer,1.0,2025-10-26
250,34,Serrurerie,ignore,0.0,2026-01-28
299,278,Serrurerie,accept_offer,1.0,2026-04-14
142,267,Déménagement,message_sent,0.6,2025-12-04
219,200,Serrurerie,accept_offer,1.0,2026-02-18
292,114,Maçonnerie,ignore,0.0,2025-06-19
190,55,Climatisation,accept_offer,1.0,2026-04-21
359,175,Électricité,message_sent,0.6,2025-11-29
340,206,Déménagement,view_profile,0.2,2025-12-07
399,259,Peinture,view_profile,0.2,2025-08-17
95,230,Jardinage,accept_offer,1.0,2025-07-18
234,80,Carrelage,message_sent,0.6,2025-08-11
390,186,Informatique,message_sent,0.6,2025-06-17
133,196,Informatique,ignore,0.0,2026-02-02
12,22,Peinture,view_profile,0.2,2026-05-04
141,57,Carrelage,reject_offer,-0.3,2025-06-06
194,261,Déménagement,accept_offer,1.0,2026-01-05
93,134,Peinture,view_profile,0.2,2026-05-28
263,228,Nettoyage,reject_offer,-0.3,2025-07-26
3,2,Électricité,ignore,0.0,2025-12-31
210,278,Serrurerie,accept_offer,1.0,2026-05-14
140,52,Nettoyage,message_sent,0.6,2026-03-05
73,4,Climatisation,message_sent,0.6,2025-08-29
99,257,Carrelage,reject_offer,-0.3,2025-08-05
180,83,Nettoyage,view_profile,0.2,2025-08-16
283,76,Informatique,view_profile,0.2,2026-03-15
80,146,Peinture,view_profile,0.2,2025-10-24
242,168,Menuiserie,ignore,0.0,2026-02-28
99,184,Jardinage,ignore,0.0,2026-04-02
305,153,Serrurerie,view_profile,0.2,2025-10-21
48,20,Informatique,reject_offer,-0.3,2026-03-14
138,232,Menuiserie,accept_offer,1.0,2025-08-02
117,191,Informatique,ignore,0.0,2025-07-26
361,60,Serrurerie,ignore,0.0,2025-11-28
342,16,Peinture,reject_offer,-0.3,2025-11-11
100,164,Carrelage,ignore,0.0,2026-01-16
75,85,Maçonnerie,reject_offer,-0.3,2026-03-02
304,68,Peinture,ignore,0.0,2025-06-07
224,149,Climatisation,view_profile,0.2,2026-05-28
341,185,Nettoyage,ignore,0.0,2026-03-15
21,238,Peinture,message_sent,0.6,2025-06-18
66,277,Jardinage,view_profile,0.2,2025-07-11
13,154,Carrelage,view_profile,0.2,2025-10-29
365,169,Déménagement,view_profile,0.2,2025-07-13
314,171,Déménagement,ignore,0.0,2025-08-07
391,262,Carrelage,reject_offer,-0.3,2025-07-22
336,135,Menuiserie,view_profile,0.2,2026-03-15
210,233,Déménagement,view_profile,0.2,2026-04-21
66,282,Peinture,view_profile,0.2,2025-07-17
329,262,Carrelage,accept_offer,1.0,2026-04-12
115,12,Carrelage,message_sent,0.6,2025-11-27
255,287,Climatisation,accept_offer,1.0,2025-06-16
345,117,Peinture,message_sent,0.6,2026-03-30
396,60,Serrurerie,accept_offer,1.0,2025-07-23
114,228,Nettoyage,view_profile,0.2,2025-10-04
369,207,Peinture,accept_offer,1.0,2025-06-11
164,170,Menuiserie,accept_offer,1.0,2025-11-27
253,191,Informatique,accept_offer,1.0,2025-11-07
358,11,Déménagement,message_sent,0.6,2025-10-24
96,295,Climatisation,ignore,0.0,2025-06-04
215,221,Informatique,accept_offer,1.0,2025-06-29
354,153,Serrurerie,message_sent,0.6,2025-08-21
267,279,Climatisation,message_sent,0.6,2025-12-14
35,25,Climatisation,message_sent,0.6,2026-01-05
236,124,Climatisation,view_profile,0.2,2025-10-21
191,228,Nettoyage,ignore,0.0,2025-07-16
205,163,Nettoyage,view_profile,0.2,2026-01-02
48,115,Plomberie,message_sent,0.6,2026-03-17
36,154,Carrelage,accept_offer,1.0,2026-03-13
30,72,Nettoyage,message_sent,0.6,2026-04-25
11,263,Jardinage,view_profile,0.2,2026-02-04
371,205,Menuiserie,accept_offer,1.0,2025-08-25
328,204,Serrurerie,view_profile,0.2,2025-11-05
236,256,Informatique,ignore,0.0,2025-09-04
166,5,Nettoyage,message_sent,0.6,2026-05-15
95,124,Climatisation,reject_offer,-0.3,2025-10-10
90,109,Peinture,view_profile,0.2,2025-06-06
393,17,Nettoyage,view_profile,0.2,2026-01-22
364,65,Serrurerie,view_profile,0.2,2025-11-20
176,127,Déménagement,ignore,0.0,2025-12-24
308,56,Peinture,view_profile,0.2,2025-11-24
162,235,Serrurerie,view_profile,0.2,2026-03-30
15,197,Peinture,view_profile,0.2,2026-02-14
289,194,Jardinage,view_profile,0.2,2025-10-24
85,189,Électricité,message_sent,0.6,2025-10-04
391,110,Maçonnerie,view_profile,0.2,2025-08-16
318,174,Électricité,accept_offer,1.0,2025-10-31
184,93,Plomberie,ignore,0.0,2025-07-16
165,276,Jardinage,ignore,0.0,2025-08-14
269,199,Déménagement,view_profile,0.2,2025-10-25
11,72,Nettoyage,accept_offer,1.0,2025-12-21
95,47,Climatisation,message_sent,0.6,2025-07-24
249,152,Maçonnerie,ignore,0.0,2026-04-07
72,68,Peinture,view_profile,0.2,2025-07-18
209,238,Peinture,message_sent,0.6,2025-09-02
62,184,Jardinage,accept_offer,1.0,2026-04-02
91,208,Plomberie,message_sent,0.6,2025-09-19
244,3,Carrelage,message_sent,0.6,2025-08-07
182,17,Nettoyage,ignore,0.0,2025-08-05
119,81,Carrelage,message_sent,0.6,2025-11-05
273,184,Jardinage,view_profile,0.2,2025-08-20
24,215,Informatique,view_profile,0.2,2026-03-30
25,55,Climatisation,accept_offer,1.0,2026-04-29
125,109,Peinture,message_sent,0.6,2025-09-27
251,250,Climatisation,view_profile,0.2,2025-07-05
2,30,Climatisation,accept_offer,1.0,2025-09-06
363,298,Électricité,accept_offer,1.0,2026-01-10
51,193,Peinture,view_profile,0.2,2025-11-25
193,144,Électricité,reject_offer,-0.3,2025-07-06
264,189,Électricité,message_sent,0.6,2026-04-07
159,2,Électricité,reject_offer,-0.3,2026-03-27
319,74,Climatisation,view_profile,0.2,2025-10-28
400,177,Plomberie,reject_offer,-0.3,2025-09-23
70,120,Peinture,view_profile,0.2,2025-12-18
334,240,Climatisation,message_sent,0.6,2026-03-04
394,39,Peinture,view_profile,0.2,2025-12-13
149,226,Menuiserie,reject_offer,-0.3,2025-10-07
228,7,Informatique,reject_offer,-0.3,2025-08-03
315,152,Maçonnerie,ignore,0.0,2025-12-01
101,54,Menuiserie,ignore,0.0,2026-05-13
232,256,Informatique,message_sent,0.6,2026-01-05
365,220,Déménagement,view_profile,0.2,2025-11-27
91,242,Nettoyage,accept_offer,1.0,2026-01-04
35,65,Serrurerie,view_profile,0.2,2026-03-25
82,284,Électricité,view_profile,0.2,2026-05-28
332,165,Électricité,message_sent,0.6,2025-07-02
209,38,Déménagement,reject_offer,-0.3,2026-04-19
31,80,Carrelage,view_profile,0.2,2025-07-09
346,59,Carrelage,message_sent,0.6,2026-04-20
281,227,Plomberie,view_profile,0.2,2026-04-22
245,219,Électricité,view_profile,0.2,2025-10-07
70,78,Plomberie,view_profile,0.2,2026-02-07
64,277,Jardinage,message_sent,0.6,2025-08-22
37,71,Peinture,message_sent,0.6,2026-04-25
265,146,Peinture,accept_offer,1.0,2025-12-09
213,113,Serrurerie,ignore,0.0,2025-07-16
43,147,Informatique,reject_offer,-0.3,2026-04-10
160,99,Carrelage,view_profile,0.2,2025-06-18
383,126,Climatisation,message_sent,0.6,2025-11-23
396,126,Climatisation,accept_offer,1.0,2026-03-06
290,77,Maçonnerie,ignore,0.0,2026-05-29
358,38,Déménagement,view_profile,0.2,2025-10-14
224,177,Plomberie,accept_offer,1.0,2026-04-20
258,195,Nettoyage,message_sent,0.6,2025-09-18
65,246,Informatique,reject_offer,-0.3,2026-03-05
366,133,Déménagement,view_profile,0.2,2026-05-07
284,104,Nettoyage,reject_offer,-0.3,2026-02-13
212,176,Carrelage,accept_offer,1.0,2025-11-25
108,269,Carrelage,view_profile,0.2,2025-07-22
51,141,Électricité,accept_offer,1.0,2025-06-19
199,181,Climatisation,view_profile,0.2,2026-01-09
202,150,Carrelage,view_profile,0.2,2026-01-17
113,189,Électricité,view_profile,0.2,2025-08-16
250,94,Jardinage,ignore,0.0,2025-11-12
177,113,Serrurerie,ignore,0.0,2025-10-09
251,188,Jardinage,accept_offer,1.0,2025-11-11
385,198,Informatique,accept_offer,1.0,2025-12-31
134,271,Déménagement,message_sent,0.6,2025-11-01
302,219,Électricité,view_profile,0.2,2025-10-24
296,148,Informatique,reject_offer,-0.3,2025-08-04
12,158,Maçonnerie,message_sent,0.6,2025-08-13
162,3,Carrelage,ignore,0.0,2026-03-27
67,291,Serrurerie,message_sent,0.6,2025-12-17
274,171,Déménagement,ignore,0.0,2025-08-16
345,28,Jardinage,ignore,0.0,2025-08-07
385,230,Jardinage,ignore,0.0,2026-06-03
253,92,Nettoyage,accept_offer,1.0,2025-09-30
379,164,Carrelage,reject_offer,-0.3,2026-04-14
226,300,Maçonnerie,reject_offer,-0.3,2025-10-13
351,138,Électricité,ignore,0.0,2025-07-11
68,295,Climatisation,view_profile,0.2,2026-01-13
337,191,Informatique,ignore,0.0,2025-09-07
76,101,Plomberie,view_profile,0.2,2026-02-11
237,282,Peinture,ignore,0.0,2026-05-23
359,4,Climatisation,view_profile,0.2,2025-11-27
253,291,Serrurerie,message_sent,0.6,2025-08-13
192,60,Serrurerie,ignore,0.0,2025-10-31
358,27,Nettoyage,message_sent,0.6,2025-09-16
118,272,Jardinage,view_profile,0.2,2025-10-31
232,285,Climatisation,accept_offer,1.0,2025-08-16
397,125,Jardinage,view_profile,0.2,2026-04-30
375,80,Carrelage,accept_offer,1.0,2026-03-21
358,139,Maçonnerie,view_profile,0.2,2025-12-23
250,205,Menuiserie,reject_offer,-0.3,2026-01-17
7,203,Menuiserie,view_profile,0.2,2026-04-22
113,72,Nettoyage,reject_offer,-0.3,2026-02-25
219,103,Maçonnerie,view_profile,0.2,2025-07-08
71,78,Plomberie,view_profile,0.2,2025-06-29
369,266,Jardinage,view_profile,0.2,2025-10-19
65,199,Déménagement,reject_offer,-0.3,2026-03-09
105,105,Nettoyage,ignore,0.0,2025-09-20
217,232,Menuiserie,accept_offer,1.0,2025-12-16
12,261,Déménagement,view_profile,0.2,2026-05-23
277,208,Plomberie,message_sent,0.6,2026-04-26
44,106,Maçonnerie,message_sent,0.6,2025-11-22
328,130,Déménagement,accept_offer,1.0,2025-10-28
223,69,Déménagement,view_profile,0.2,2025-12-10
215,144,Électricité,accept_offer,1.0,2025-06-30
59,97,Carrelage,view_profile,0.2,2026-04-18
190,48,Informatique,ignore,0.0,2025-09-22
192,26,Informatique,reject_offer,-0.3,2025-06-04
40,56,Peinture,ignore,0.0,2025-10-31
201,57,Carrelage,message_sent,0.6,2026-03-02
367,31,Climatisation,message_sent,0.6,2025-06-28
111,269,Carrelage,reject_offer,-0.3,2026-03-26
328,19,Nettoyage,view_profile,0.2,2026-04-26
35,32,Nettoyage,view_profile,0.2,2025-10-21
124,33,Plomberie,view_profile,0.2,2025-12-18
261,175,Électricité,view_profile,0.2,2025-09-21
170,98,Informatique,message_sent,0.6,2026-05-05
53,141,Électricité,message_sent,0.6,2025-09-23
245,159,Carrelage,message_sent,0.6,2025-12-01
259,26,Informatique,view_profile,0.2,2026-04-19
328,7,Informatique,view_profile,0.2,2025-12-27
265,163,Nettoyage,message_sent,0.6,2026-01-19
57,250,Climatisation,reject_offer,-0.3,2026-01-20
282,135,Menuiserie,view_profile,0.2,2026-04-11
20,80,Carrelage,ignore,0.0,2026-05-06
53,208,Plomberie,ignore,0.0,2026-02-28
356,287,Climatisation,accept_offer,1.0,2025-09-16
248,53,Menuiserie,message_sent,0.6,2025-07-28
188,265,Menuiserie,ignore,0.0,2026-01-07
265,217,Électricité,view_profile,0.2,2026-03-22
293,241,Maçonnerie,reject_offer,-0.3,2025-12-18
225,183,Menuiserie,accept_offer,1.0,2026-06-03
267,104,Nettoyage,accept_offer,1.0,2025-08-24
212,34,Serrurerie,message_sent,0.6,2025-06-25
369,165,Électricité,ignore,0.0,2025-11-21
275,107,Climatisation,message_sent,0.6,2025-10-12
183,277,Jardinage,view_profile,0.2,2025-11-29
217,168,Menuiserie,message_sent,0.6,2025-08-19
280,190,Climatisation,view_profile,0.2,2025-10-04
127,297,Climatisation,accept_offer,1.0,2026-02-19
84,145,Jardinage,view_profile,0.2,2025-12-25
338,73,Nettoyage,view_profile,0.2,2026-05-28
247,172,Plomberie,accept_offer,1.0,2025-07-08
349,170,Menuiserie,message_sent,0.6,2025-10-19
218,220,Déménagement,message_sent,0.6,2026-04-09
107,3,Carrelage,reject_offer,-0.3,2025-09-15
4,78,Plomberie,reject_offer,-0.3,2025-11-25
105,81,Carrelage,ignore,0.0,2026-01-26
92,246,Informatique,reject_offer,-0.3,2026-01-10
304,287,Climatisation,reject_offer,-0.3,2025-09-25
131,163,Nettoyage,view_profile,0.2,2025-12-10
379,32,Nettoyage,view_profile,0.2,2025-08-07
266,190,Climatisation,ignore,0.0,2026-01-08
55,123,Maçonnerie,view_profile,0.2,2026-03-09
240,98,Informatique,ignore,0.0,2025-06-07
275,289,Nettoyage,ignore,0.0,2025-08-07
370,5,Nettoyage,accept_offer,1.0,2025-09-26
285,86,Climatisation,ignore,0.0,2026-02-02
241,234,Déménagement,ignore,0.0,2025-08-02
62,257,Carrelage,view_profile,0.2,2025-11-14
66,247,Plomberie,accept_offer,1.0,2025-12-20
102,1,Maçonnerie,reject_offer,-0.3,2025-07-05
5,227,Plomberie,ignore,0.0,2025-08-17
38,25,Climatisation,reject_offer,-0.3,2025-10-24
73,100,Informatique,view_profile,0.2,2025-10-30
251,111,Électricité,ignore,0.0,2025-06-30
179,248,Nettoyage,reject_offer,-0.3,2026-05-24
340,229,Nettoyage,ignore,0.0,2025-07-22
388,219,Électricité,ignore,0.0,2026-05-17
297,299,Plomberie,accept_offer,1.0,2025-07-29
193,187,Déménagement,reject_offer,-0.3,2026-01-12
180,205,Menuiserie,message_sent,0.6,2026-01-23
209,152,Maçonnerie,view_profile,0.2,2026-04-12
371,194,Jardinage,message_sent,0.6,2025-10-02
100,148,Informatique,reject_offer,-0.3,2025-06-12
9,188,Jardinage,view_profile,0.2,2025-10-26
71,195,Nettoyage,accept_offer,1.0,2025-12-07
101,235,Serrurerie,accept_offer,1.0,2026-05-25
94,66,Nettoyage,reject_offer,-0.3,2026-03-27
39,133,Déménagement,view_profile,0.2,2026-04-19
361,7,Informatique,message_sent,0.6,2025-12-06
355,146,Peinture,message_sent,0.6,2025-10-06
216,26,Informatique,reject_offer,-0.3,2025-11-22
253,59,Carrelage,view_profile,0.2,2025-11-19
20,50,Déménagement,view_profile,0.2,2025-12-24
363,78,Plomberie,message_sent,0.6,2025-06-19
259,17,Nettoyage,view_profile,0.2,2025-11-29
287,293,Jardinage,reject_offer,-0.3,2026-05-12
134,240,Climatisation,ignore,0.0,2026-04-06
234,285,Climatisation,ignore,0.0,2025-09-16
113,164,Carrelage,view_profile,0.2,2026-02-15
366,106,Maçonnerie,message_sent,0.6,2025-07-19
308,96,Peinture,view_profile,0.2,2026-03-23
207,242,Nettoyage,accept_offer,1.0,2025-10-11
197,125,Jardinage,ignore,0.0,2026-06-02
259,212,Menuiserie,ignore,0.0,2025-12-19
146,123,Maçonnerie,reject_offer,-0.3,2025-06-15
107,47,Climatisation,ignore,0.0,2026-02-12
355,72,Nettoyage,reject_offer,-0.3,2025-12-29
217,187,Déménagement,view_profile,0.2,2026-02-24
73,159,Carrelage,message_sent,0.6,2025-11-21
136,86,Climatisation,ignore,0.0,2026-02-14
343,66,Nettoyage,view_profile,0.2,2025-06-24
18,73,Nettoyage,view_profile,0.2,2025-12-21
341,26,Informatique,view_profile,0.2,2026-05-11
383,194,Jardinage,reject_offer,-0.3,2025-11-14
45,13,Plomberie,accept_offer,1.0,2025-11-24
144,107,Climatisation,reject_offer,-0.3,2026-02-12
59,206,Déménagement,ignore,0.0,2025-09-15
374,30,Climatisation,ignore,0.0,2026-05-26
372,102,Électricité,ignore,0.0,2025-11-14
216,112,Plomberie,message_sent,0.6,2026-06-03
391,103,Maçonnerie,reject_offer,-0.3,2025-07-19
30,30,Climatisation,reject_offer,-0.3,2026-04-01
27,270,Électricité,reject_offer,-0.3,2026-04-01
121,34,Serrurerie,accept_offer,1.0,2026-02-25
59,2,Électricité,reject_offer,-0.3,2025-11-09
273,23,Informatique,view_profile,0.2,2026-04-29
119,172,Plomberie,accept_offer,1.0,2025-10-24
34,172,Plomberie,message_sent,0.6,2026-04-07
388,93,Plomberie,accept_offer,1.0,2025-06-29
319,118,Plomberie,view_profile,0.2,2025-10-16
362,113,Serrurerie,accept_offer,1.0,2026-01-03
218,46,Serrurerie,view_profile,0.2,2026-01-03
202,88,Serrurerie,message_sent,0.6,2026-04-29
13,263,Jardinage,reject_offer,-0.3,2025-07-16
72,71,Peinture,accept_offer,1.0,2026-01-09
267,35,Plomberie,view_profile,0.2,2026-03-23
156,235,Serrurerie,ignore,0.0,2025-10-13
394,235,Serrurerie,reject_offer,-0.3,2025-11-28
368,113,Serrurerie,view_profile,0.2,2025-07-19
19,179,Menuiserie,accept_offer,1.0,2025-09-20
346,126,Climatisation,view_profile,0.2,2026-04-13
222,255,Peinture,ignore,0.0,2026-04-09
230,258,Nettoyage,view_profile,0.2,2025-08-14
49,286,Carrelage,accept_offer,1.0,2025-08-06
383,158,Maçonnerie,view_profile,0.2,2026-01-06
311,120,Peinture,message_sent,0.6,2025-12-29
376,183,Menuiserie,accept_offer,1.0,2025-07-27
208,249,Peinture,message_sent,0.6,2026-05-23
51,261,Déménagement,message_sent,0.6,2025-12-24
65,272,Jardinage,message_sent,0.6,2025-09-22
210,121,Menuiserie,message_sent,0.6,2026-02-28
341,184,Jardinage,view_profile,0.2,2026-05-05
204,83,Nettoyage,message_sent,0.6,2025-12-26
89,82,Déménagement,view_profile,0.2,2026-01-11
223,228,Nettoyage,message_sent,0.6,2026-05-23
264,6,Nettoyage,accept_offer,1.0,2026-05-22
100,230,Jardinage,accept_offer,1.0,2025-07-17
203,167,Plomberie,view_profile,0.2,2026-03-12
329,276,Jardinage,ignore,0.0,2025-06-04
238,150,Carrelage,accept_offer,1.0,2025-10-05
163,290,Serrurerie,message_sent,0.6,2025-08-12
166,175,Électricité,accept_offer,1.0,2026-02-04
239,78,Plomberie,message_sent,0.6,2026-04-08
254,195,Nettoyage,view_profile,0.2,2026-03-12
97,286,Carrelage,message_sent,0.6,2026-03-03
13,163,Nettoyage,view_profile,0.2,2025-07-11
364,149,Climatisation,view_profile,0.2,2026-01-15
56,199,Déménagement,view_profile,0.2,2026-03-13
299,97,Carrelage,accept_offer,1.0,2025-08-14
303,181,Climatisation,ignore,0.0,2025-11-30
48,274,Électricité,message_sent,0.6,2025-07-15
332,59,Carrelage,reject_offer,-0.3,2025-11-08
270,220,Déménagement,view_profile,0.2,2026-05-03
185,23,Informatique,view_profile,0.2,2026-04-08
95,135,Menuiserie,view_profile,0.2,2026-05-30
327,93,Plomberie,message_sent,0.6,2026-01-18
288,252,Menuiserie,view_profile,0.2,2026-01-27
26,120,Peinture,accept_offer,1.0,2025-08-15
302,101,Plomberie,view_profile,0.2,2025-07-26
375,77,Maçonnerie,view_profile,0.2,2025-06-10
33,260,Climatisation,message_sent,0.6,2026-04-20
19,253,Déménagement,view_profile,0.2,2026-03-23
387,12,Carrelage,message_sent,0.6,2026-04-29
308,177,Plomberie,view_profile,0.2,2025-09-04
83,117,Peinture,ignore,0.0,2025-12-29
310,108,Maçonnerie,reject_offer,-0.3,2026-04-24
288,9,Jardinage,message_sent,0.6,2025-06-25
7,256,Informatique,accept_offer,1.0,2025-06-14
70,134,Peinture,reject_offer,-0.3,2025-12-18
334,217,Électricité,view_profile,0.2,2026-05-29
294,232,Menuiserie,message_sent,0.6,2026-01-30
377,148,Informatique,ignore,0.0,2026-05-27
168,254,Jardinage,ignore,0.0,2026-05-23
48,142,Nettoyage,view_profile,0.2,2026-05-09
306,189,Électricité,ignore,0.0,2026-05-17
398,254,Jardinage,view_profile,0.2,2025-12-15
278,253,Déménagement,reject_offer,-0.3,2025-12-06
331,156,Informatique,view_profile,0.2,2025-12-11
113,131,Déménagement,view_profile,0.2,2025-07-07
144,195,Nettoyage,accept_offer,1.0,2026-03-12
275,215,Informatique,message_sent,0.6,2026-02-22
102,138,Électricité,message_sent,0.6,2025-11-02
288,118,Plomberie,accept_offer,1.0,2025-12-01
336,281,Serrurerie,ignore,0.0,2026-04-22
82,214,Plomberie,reject_offer,-0.3,2025-09-22
223,201,Informatique,reject_offer,-0.3,2026-02-24
161,124,Climatisation,view_profile,0.2,2026-05-09
236,243,Serrurerie,message_sent,0.6,2026-01-31
3,261,Déménagement,ignore,0.0,2025-10-30
125,82,Déménagement,reject_offer,-0.3,2026-05-03
210,288,Nettoyage,view_profile,0.2,2026-05-02
129,154,Carrelage,view_profile,0.2,2026-01-10
306,173,Jardinage,ignore,0.0,2025-06-20
183,13,Plomberie,reject_offer,-0.3,2025-11-07
164,31,Climatisation,message_sent,0.6,2025-06-20
306,90,Électricité,message_sent,0.6,2025-12-26
238,85,Maçonnerie,reject_offer,-0.3,2025-06-08
27,235,Serrurerie,view_profile,0.2,2025-08-31
389,101,Plomberie,accept_offer,1.0,2026-05-26
240,229,Nettoyage,view_profile,0.2,2026-02-09
73,162,Nettoyage,view_profile,0.2,2025-11-27
342,3,Carrelage,view_profile,0.2,2025-06-18
33,216,Carrelage,view_profile,0.2,2026-03-17
180,57,Carrelage,message_sent,0.6,2026-05-16
68,3,Carrelage,view_profile,0.2,2025-11-26
12,95,Peinture,ignore,0.0,2025-07-22
160,108,Maçonnerie,view_profile,0.2,2025-07-07
72,238,Peinture,accept_offer,1.0,2026-05-20
352,120,Peinture,reject_offer,-0.3,2026-02-10
318,170,Menuiserie,view_profile,0.2,2025-07-25
58,73,Nettoyage,view_profile,0.2,2025-12-01
295,15,Maçonnerie,view_profile,0.2,2025-08-28
206,184,Jardinage,view_profile,0.2,2026-01-25
136,77,Maçonnerie,accept_offer,1.0,2026-05-15
195,94,Jardinage,reject_offer,-0.3,2025-11-27
57,27,Nettoyage,message_sent,0.6,2026-02-12
115,271,Déménagement,view_profile,0.2,2026-05-16
180,179,Menuiserie,view_profile,0.2,2025-07-15
133,221,Informatique,ignore,0.0,2026-04-09
321,42,Serrurerie,accept_offer,1.0,2025-11-16
49,41,Plomberie,message_sent,0.6,2025-11-06
177,184,Jardinage,view_profile,0.2,2026-05-20
113,233,Déménagement,accept_offer,1.0,2026-01-03
70,243,Serrurerie,view_profile,0.2,2025-07-29
213,234,Déménagement,view_profile,0.2,2026-01-16
129,198,Informatique,view_profile,0.2,2025-08-14
45,163,Nettoyage,reject_offer,-0.3,2025-12-12
217,86,Climatisation,reject_offer,-0.3,2025-10-13
52,89,Nettoyage,reject_offer,-0.3,2025-06-18
264,132,Menuiserie,message_sent,0.6,2026-02-20
336,227,Plomberie,message_sent,0.6,2025-06-11
302,31,Climatisation,message_sent,0.6,2025-10-01
43,221,Informatique,view_profile,0.2,2025-10-02
317,173,Jardinage,ignore,0.0,2026-01-13
382,253,Déménagement,ignore,0.0,2025-11-10
172,17,Nettoyage,reject_offer,-0.3,2026-04-15
303,277,Jardinage,view_profile,0.2,2025-08-07
347,215,Informatique,message_sent,0.6,2026-05-16
52,89,Nettoyage,ignore,0.0,2025-09-22
144,118,Plomberie,reject_offer,-0.3,2026-03-02
285,272,Jardinage,ignore,0.0,2025-11-08
258,177,Plomberie,ignore,0.0,2025-07-20
337,150,Carrelage,accept_offer,1.0,2025-07-03
75,190,Climatisation,accept_offer,1.0,2025-10-06
206,153,Serrurerie,message_sent,0.6,2026-05-17
75,284,Électricité,view_profile,0.2,2025-10-03
55,127,Déménagement,view_profile,0.2,2026-01-31
186,190,Climatisation,message_sent,0.6,2026-01-28
95,33,Plomberie,view_profile,0.2,2025-11-20
150,13,Plomberie,reject_offer,-0.3,2026-04-21
133,100,Informatique,ignore,0.0,2026-02-25
363,104,Nettoyage,accept_offer,1.0,2025-10-09
224,191,Informatique,view_profile,0.2,2025-07-17
20,81,Carrelage,accept_offer,1.0,2026-03-30
248,248,Nettoyage,view_profile,0.2,2026-04-28
55,165,Électricité,view_profile,0.2,2025-08-18
350,300,Maçonnerie,view_profile,0.2,2026-05-14
240,65,Serrurerie,message_sent,0.6,2025-11-24
33,232,Menuiserie,view_profile,0.2,2025-08-25
261,58,Jardinage,reject_offer,-0.3,2025-08-15
351,43,Déménagement,reject_offer,-0.3,2026-02-16
251,118,Plomberie,reject_offer,-0.3,2025-08-22
81,51,Carrelage,accept_offer,1.0,2025-10-08
204,291,Serrurerie,ignore,0.0,2025-11-15
227,112,Plomberie,accept_offer,1.0,2026-01-12
399,248,Nettoyage,view_profile,0.2,2025-06-17
184,71,Peinture,accept_offer,1.0,2026-05-19
232,250,Climatisation,view_profile,0.2,2026-04-29
150,178,Maçonnerie,ignore,0.0,2026-04-16
374,42,Serrurerie,message_sent,0.6,2025-09-12
29,131,Déménagement,view_profile,0.2,2025-06-30
6,91,Climatisation,view_profile,0.2,2026-04-30
194,267,Déménagement,view_profile,0.2,2026-02-12
285,18,Jardinage,ignore,0.0,2025-11-09
327,178,Maçonnerie,ignore,0.0,2025-08-30
305,162,Nettoyage,message_sent,0.6,2026-01-21
390,204,Serrurerie,view_profile,0.2,2026-05-02
399,25,Climatisation,view_profile,0.2,2026-04-09
400,106,Maçonnerie,view_profile,0.2,2026-05-20
354,236,Peinture,accept_offer,1.0,2025-11-03
321,36,Climatisation,message_sent,0.6,2025-08-17
123,218,Électricité,message_sent,0.6,2025-07-23
23,39,Peinture,ignore,0.0,2026-03-12
341,68,Peinture,message_sent,0.6,2025-07-10
25,161,Informatique,view_profile,0.2,2025-10-07
144,193,Peinture,view_profile,0.2,2026-03-10
159,82,Déménagement,view_profile,0.2,2025-07-24
121,275,Déménagement,accept_offer,1.0,2025-08-29
186,121,Menuiserie,view_profile,0.2,2026-03-12
379,101,Plomberie,accept_offer,1.0,2025-07-13
386,199,Déménagement,message_sent,0.6,2026-04-26
211,114,Maçonnerie,message_sent,0.6,2025-06-08
122,276,Jardinage,accept_offer,1.0,2026-05-11
349,45,Jardinage,accept_offer,1.0,2026-05-29
246,126,Climatisation,reject_offer,-0.3,2026-04-07
7,239,Maçonnerie,reject_offer,-0.3,2026-04-03
362,157,Déménagement,accept_offer,1.0,2026-01-09
247,95,Peinture,view_profile,0.2,2025-06-15
182,67,Jardinage,view_profile,0.2,2026-05-27
368,52,Nettoyage,reject_offer,-0.3,2026-02-01
5,234,Déménagement,view_profile,0.2,2025-10-05
138,288,Nettoyage,message_sent,0.6,2025-06-18
335,273,Serrurerie,reject_offer,-0.3,2025-11-15
54,93,Plomberie,view_profile,0.2,2025-06-07
271,191,Informatique,view_profile,0.2,2025-07-30
400,300,Maçonnerie,reject_offer,-0.3,2026-04-18
136,156,Informatique,message_sent,0.6,2025-12-07
216,242,Nettoyage,view_profile,0.2,2025-12-23
177,174,Électricité,message_sent,0.6,2025-08-01
308,96,Peinture,message_sent,0.6,2026-02-14
41,121,Menuiserie,message_sent,0.6,2026-05-20
60,257,Carrelage,message_sent,0.6,2025-08-15
218,124,Climatisation,accept_offer,1.0,2025-12-26
55,69,Déménagement,reject_offer,-0.3,2025-12-16
398,226,Menuiserie,message_sent,0.6,2025-06-16
191,187,Déménagement,message_sent,0.6,2026-01-24
51,101,Plomberie,message_sent,0.6,2026-02-27
245,147,Informatique,reject_offer,-0.3,2025-06-27
85,72,Nettoyage,view_profile,0.2,2026-05-05
368,148,Informatique,accept_offer,1.0,2025-07-09
155,153,Serrurerie,reject_offer,-0.3,2025-12-16
91,254,Jardinage,message_sent,0.6,2025-09-23
1,152,Maçonnerie,ignore,0.0,2025-07-30
37,235,Serrurerie,message_sent,0.6,2025-07-23
351,153,Serrurerie,view_profile,0.2,2026-05-13
53,192,Nettoyage,view_profile,0.2,2026-02-20
117,58,Jardinage,accept_offer,1.0,2026-03-03
378,216,Carrelage,view_profile,0.2,2026-01-02
135,246,Informatique,view_profile,0.2,2025-10-10
199,161,Informatique,message_sent,0.6,2026-03-20
199,262,Carrelage,ignore,0.0,2025-06-15
111,194,Jardinage,accept_offer,1.0,2025-09-30
2,15,Maçonnerie,view_profile,0.2,2025-09-24
250,117,Peinture,message_sent,0.6,2025-09-28
354,41,Plomberie,reject_offer,-0.3,2026-03-26
93,75,Climatisation,reject_offer,-0.3,2026-05-31
305,59,Carrelage,accept_offer,1.0,2025-08-28
248,30,Climatisation,message_sent,0.6,2026-04-06
115,144,Électricité,view_profile,0.2,2025-10-17
26,194,Jardinage,reject_offer,-0.3,2026-05-21
75,297,Climatisation,view_profile,0.2,2026-03-09
232,88,Serrurerie,view_profile,0.2,2025-08-23
144,246,Informatique,view_profile,0.2,2025-09-10
11,45,Jardinage,message_sent,0.6,2026-01-18
357,299,Plomberie,reject_offer,-0.3,2025-12-26
334,28,Jardinage,reject_offer,-0.3,2026-02-04
172,230,Jardinage,message_sent,0.6,2026-02-25
336,130,Déménagement,reject_offer,-0.3,2026-02-03
146,298,Électricité,accept_offer,1.0,2026-04-19
308,30,Climatisation,view_profile,0.2,2025-08-12
55,252,Menuiserie,view_profile,0.2,2025-10-24
280,210,Menuiserie,reject_offer,-0.3,2026-01-03
183,265,Menuiserie,reject_offer,-0.3,2026-03-14
318,274,Électricité,accept_offer,1.0,2025-06-08
222,40,Jardinage,message_sent,0.6,2026-04-23
351,161,Informatique,message_sent,0.6,2025-10-06
49,209,Informatique,view_profile,0.2,2025-07-22
87,237,Jardinage,ignore,0.0,2025-12-08
181,230,Jardinage,reject_offer,-0.3,2026-01-02
53,215,Informatique,accept_offer,1.0,2026-04-11
211,112,Plomberie,message_sent,0.6,2026-03-18
260,37,Plomberie,view_profile,0.2,2025-09-20
270,298,Électricité,ignore,0.0,2025-07-01
201,272,Jardinage,ignore,0.0,2025-08-28
358,25,Climatisation,view_profile,0.2,2025-09-18
330,7,Informatique,message_sent,0.6,2026-01-08
253,179,Menuiserie,view_profile,0.2,2026-05-19
357,88,Serrurerie,view_profile,0.2,2025-09-25
354,100,Informatique,message_sent,0.6,2025-08-04
124,40,Jardinage,message_sent,0.6,2026-02-28
169,138,Électricité,accept_offer,1.0,2025-06-27
159,29,Maçonnerie,view_profile,0.2,2026-05-14
84,183,Menuiserie,reject_offer,-0.3,2025-12-11
265,171,Déménagement,message_sent,0.6,2025-11-25
356,216,Carrelage,ignore,0.0,2025-10-02
349,281,Serrurerie,reject_offer,-0.3,2025-08-06
79,247,Plomberie,ignore,0.0,2025-09-23
310,79,Carrelage,view_profile,0.2,2025-11-15
398,176,Carrelage,view_profile,0.2,2025-10-21
36,95,Peinture,view_profile,0.2,2025-07-08
323,131,Déménagement,reject_offer,-0.3,2026-01-05
92,55,Climatisation,reject_offer,-0.3,2025-09-05
362,97,Carrelage,message_sent,0.6,2025-06-23
63,278,Serrurerie,message_sent,0.6,2026-03-23
307,134,Peinture,message_sent,0.6,2025-07-24
107,285,Climatisation,view_profile,0.2,2025-10-01
49,161,Informatique,message_sent,0.6,2025-06-30
309,125,Jardinage,view_profile,0.2,2026-01-30
307,205,Menuiserie,message_sent,0.6,2025-11-23
397,24,Jardinage,accept_offer,1.0,2026-01-09
357,157,Déménagement,message_sent,0.6,2026-03-27
276,238,Peinture,view_profile,0.2,2025-10-24
374,17,Nettoyage,accept_offer,1.0,2026-04-12
310,91,Climatisation,reject_offer,-0.3,2026-01-25
248,97,Carrelage,view_profile,0.2,2025-07-21
215,206,Déménagement,message_sent,0.6,2025-07-08
106,111,Électricité,ignore,0.0,2026-01-30
99,220,Déménagement,message_sent,0.6,2026-02-03
355,70,Nettoyage,view_profile,0.2,2026-05-06
116,151,Déménagement,ignore,0.0,2026-05-31
93,157,Déménagement,view_profile,0.2,2025-08-30
331,88,Serrurerie,reject_offer,-0.3,2025-10-20
49,269,Carrelage,ignore,0.0,2025-09-29
32,211,Maçonnerie,accept_offer,1.0,2025-10-07
95,121,Menuiserie,message_sent,0.6,2025-11-08
8,49,Déménagement,ignore,0.0,2025-07-25
333,159,Carrelage,view_profile,0.2,2025-08-29
152,284,Électricité,ignore,0.0,2025-10-20
80,16,Peinture,view_profile,0.2,2025-10-25
126,189,Électricité,view_profile,0.2,2026-04-07
158,225,Serrurerie,message_sent,0.6,2026-05-29
47,61,Climatisation,accept_offer,1.0,2026-02-22
219,34,Serrurerie,ignore,0.0,2026-01-03
141,5,Nettoyage,accept_offer,1.0,2026-03-25
146,53,Menuiserie,view_profile,0.2,2025-11-30
99,277,Jardinage,accept_offer,1.0,2025-07-07
99,240,Climatisation,view_profile,0.2,2025-11-10
326,69,Déménagement,view_profile,0.2,2025-11-17
48,29,Maçonnerie,message_sent,0.6,2025-09-03
198,39,Peinture,accept_offer,1.0,2025-07-10
14,103,Maçonnerie,view_profile,0.2,2025-11-14
316,137,Menuiserie,view_profile,0.2,2026-03-26
304,90,Électricité,view_profile,0.2,2025-09-01
124,246,Informatique,message_sent,0.6,2025-12-16
222,299,Plomberie,accept_offer,1.0,2026-01-06
308,89,Nettoyage,reject_offer,-0.3,2026-03-22
178,120,Peinture,view_profile,0.2,2025-12-17
48,292,Maçonnerie,view_profile,0.2,2025-07-07
321,278,Serrurerie,reject_offer,-0.3,2025-09-10
312,9,Jardinage,reject_offer,-0.3,2025-09-30
157,65,Serrurerie,view_profile,0.2,2026-04-23
77,151,Déménagement,view_profile,0.2,2026-01-07
345,91,Climatisation,message_sent,0.6,2025-09-08
139,210,Menuiserie,view_profile,0.2,2025-11-04
346,265,Menuiserie,message_sent,0.6,2025-09-29
122,132,Menuiserie,view_profile,0.2,2025-12-10
53,270,Électricité,message_sent,0.6,2026-04-13
131,20,Informatique,message_sent,0.6,2025-12-06
148,90,Électricité,view_profile,0.2,2026-03-18
91,197,Peinture,ignore,0.0,2025-08-11
284,169,Déménagement,view_profile,0.2,2026-01-20
138,105,Nettoyage,view_profile,0.2,2025-06-15
296,178,Maçonnerie,view_profile,0.2,2026-03-17
325,268,Menuiserie,reject_offer,-0.3,2025-12-12
312,140,Jardinage,ignore,0.0,2026-02-04
324,5,Nettoyage,view_profile,0.2,2026-01-08
310,217,Électricité,view_profile,0.2,2025-09-19
166,50,Déménagement,reject_offer,-0.3,2026-01-30
208,169,Déménagement,view_profile,0.2,2026-01-24
64,282,Peinture,message_sent,0.6,2025-06-06
20,175,Électricité,view_profile,0.2,2026-03-12
261,234,Déménagement,view_profile,0.2,2025-10-22
146,206,Déménagement,accept_offer,1.0,2026-02-23
223,221,Informatique,message_sent,0.6,2026-03-06
313,297,Climatisation,view_profile,0.2,2025-06-12
210,55,Climatisation,message_sent,0.6,2026-04-28
12,222,Déménagement,accept_offer,1.0,2025-07-17
134,226,Menuiserie,ignore,0.0,2025-07-15
14,111,Électricité,reject_offer,-0.3,2025-10-15
367,230,Jardinage,view_profile,0.2,2025-12-21
246,184,Jardinage,message_sent,0.6,2025-11-17
1,174,Électricité,view_profile,0.2,2026-02-17
217,11,Déménagement,accept_offer,1.0,2025-12-17
252,150,Carrelage,view_profile,0.2,2026-05-19
93,105,Nettoyage,view_profile,0.2,2025-09-18
189,223,Jardinage,accept_offer,1.0,2025-11-18
10,143,Carrelage,view_profile,0.2,2025-06-12
331,172,Plomberie,reject_offer,-0.3,2025-12-30
363,296,Serrurerie,reject_offer,-0.3,2025-09-29
249,176,Carrelage,view_profile,0.2,2025-08-12
365,136,Menuiserie,ignore,0.0,2026-03-18
223,37,Plomberie,message_sent,0.6,2026-05-29
275,86,Climatisation,ignore,0.0,2026-01-18
64,154,Carrelage,ignore,0.0,2025-08-09
170,29,Maçonnerie,ignore,0.0,2026-05-19
124,276,Jardinage,view_profile,0.2,2026-05-31
252,220,Déménagement,reject_offer,-0.3,2025-12-13
155,264,Déménagement,ignore,0.0,2025-07-10
323,211,Maçonnerie,reject_offer,-0.3,2025-10-09
265,148,Informatique,accept_offer,1.0,2025-12-29
287,27,Nettoyage,accept_offer,1.0,2025-09-12
166,263,Jardinage,message_sent,0.6,2025-06-13
369,44,Maçonnerie,view_profile,0.2,2025-07-14
392,73,Nettoyage,message_sent,0.6,2026-03-26
194,171,Déménagement,view_profile,0.2,2026-04-12
333,107,Climatisation,view_profile,0.2,2025-11-01
330,258,Nettoyage,ignore,0.0,2025-08-18
363,251,Menuiserie,message_sent,0.6,2026-02-27
193,244,Déménagement,view_profile,0.2,2025-09-22
199,168,Menuiserie,message_sent,0.6,2025-06-30
100,217,Électricité,view_profile,0.2,2025-11-06
349,145,Jardinage,view_profile,0.2,2026-04-04
133,207,Peinture,message_sent,0.6,2026-04-06
194,126,Climatisation,view_profile,0.2,2026-03-06
37,78,Plomberie,view_profile,0.2,2025-12-10
226,216,Carrelage,view_profile,0.2,2026-06-04
381,25,Climatisation,message_sent,0.6,2025-09-24
64,229,Nettoyage,view_profile,0.2,2025-12-03
237,237,Jardinage,ignore,0.0,2025-08-31
346,212,Menuiserie,ignore,0.0,2025-12-19
126,201,Informatique,message_sent,0.6,2025-11-11
357,22,Peinture,message_sent,0.6,2026-03-14
310,251,Menuiserie,reject_offer,-0.3,2025-10-17
254,192,Nettoyage,accept_offer,1.0,2026-05-20
147,123,Maçonnerie,ignore,0.0,2026-02-16
365,172,Plomberie,view_profile,0.2,2025-12-02
98,229,Nettoyage,reject_offer,-0.3,2025-10-11
15,123,Maçonnerie,message_sent,0.6,2026-01-28
215,286,Carrelage,message_sent,0.6,2025-06-16
136,77,Maçonnerie,view_profile,0.2,2026-02-04
216,240,Climatisation,message_sent,0.6,2025-11-08
306,228,Nettoyage,message_sent,0.6,2025-11-03
46,39,Peinture,view_profile,0.2,2026-01-31
393,107,Climatisation,accept_offer,1.0,2025-09-18
31,30,Climatisation,reject_offer,-0.3,2026-04-29
368,24,Jardinage,accept_offer,1.0,2025-10-24
379,18,Jardinage,reject_offer,-0.3,2025-12-11
204,183,Menuiserie,reject_offer,-0.3,2025-08-19
124,149,Climatisation,reject_offer,-0.3,2025-11-26
126,269,Carrelage,ignore,0.0,2025-11-21
336,217,Électricité,message_sent,0.6,2025-11-26
93,103,Maçonnerie,ignore,0.0,2025-08-09
211,221,Informatique,ignore,0.0,2026-04-23
350,7,Informatique,ignore,0.0,2025-06-22
134,239,Maçonnerie,view_profile,0.2,2026-03-23
378,41,Plomberie,view_profile,0.2,2025-10-07
158,300,Maçonnerie,ignore,0.0,2026-05-10
186,216,Carrelage,view_profile,0.2,2026-04-07
353,257,Carrelage,accept_offer,1.0,2025-12-25
161,42,Serrurerie,view_profile,0.2,2025-07-26
350,163,Nettoyage,message_sent,0.6,2026-01-19
142,206,Déménagement,message_sent,0.6,2025-11-10
374,157,Déménagement,message_sent,0.6,2026-01-07
48,262,Carrelage,accept_offer,1.0,2026-05-01
210,262,Carrelage,message_sent,0.6,2025-06-04
144,237,Jardinage,reject_offer,-0.3,2025-12-31
205,197,Peinture,message_sent,0.6,2025-08-18
363,9,Jardinage,reject_offer,-0.3,2026-06-03
69,189,Électricité,message_sent,0.6,2026-04-07
301,192,Nettoyage,view_profile,0.2,2026-04-28
317,35,Plomberie,view_profile,0.2,2025-08-27
360,120,Peinture,accept_offer,1.0,2025-06-05
374,93,Plomberie,accept_offer,1.0,2025-09-07
255,217,Électricité,ignore,0.0,2025-06-12
162,143,Carrelage,reject_offer,-0.3,2026-05-18
124,274,Électricité,message_sent,0.6,2025-08-22
35,130,Déménagement,view_profile,0.2,2025-07-08
111,46,Serrurerie,message_sent,0.6,2025-12-13
17,158,Maçonnerie,message_sent,0.6,2026-01-20
125,110,Maçonnerie,accept_offer,1.0,2025-07-20
130,233,Déménagement,reject_offer,-0.3,2026-02-15
174,86,Climatisation,view_profile,0.2,2025-11-04
155,66,Nettoyage,view_profile,0.2,2025-11-18
311,135,Menuiserie,view_profile,0.2,2025-06-12
383,86,Climatisation,ignore,0.0,2025-09-27
259,247,Plomberie,accept_offer,1.0,2025-12-03
43,276,Jardinage,ignore,0.0,2026-05-19
359,209,Informatique,message_sent,0.6,2026-02-13
246,155,Peinture,view_profile,0.2,2025-07-20
105,188,Jardinage,view_profile,0.2,2026-05-15
97,5,Nettoyage,view_profile,0.2,2026-02-22
192,101,Plomberie,view_profile,0.2,2026-01-04
396,163,Nettoyage,message_sent,0.6,2025-07-14
179,108,Maçonnerie,ignore,0.0,2026-02-28
398,276,Jardinage,message_sent,0.6,2025-08-28
356,61,Climatisation,message_sent,0.6,2026-04-08
168,176,Carrelage,ignore,0.0,2026-04-17
30,296,Serrurerie,message_sent,0.6,2026-05-31
347,39,Peinture,ignore,0.0,2026-03-14
193,170,Menuiserie,message_sent,0.6,2026-02-24
57,193,Peinture,message_sent,0.6,2026-04-17
92,111,Électricité,message_sent,0.6,2025-07-23
301,113,Serrurerie,view_profile,0.2,2026-03-23
47,281,Serrurerie,ignore,0.0,2025-06-25
375,29,Maçonnerie,ignore,0.0,2026-03-03
34,133,Déménagement,ignore,0.0,2025-09-08
133,66,Nettoyage,reject_offer,-0.3,2025-08-31
160,81,Carrelage,view_profile,0.2,2026-04-11
190,295,Climatisation,message_sent,0.6,2025-10-05
391,27,Nettoyage,reject_offer,-0.3,2025-07-26
89,33,Plomberie,message_sent,0.6,2025-08-22
242,99,Carrelage,view_profile,0.2,2025-07-18
152,206,Déménagement,view_profile,0.2,2025-10-09
43,171,Déménagement,ignore,0.0,2025-12-03
186,101,Plomberie,reject_offer,-0.3,2025-07-06
165,115,Plomberie,view_profile,0.2,2025-07-04
158,152,Maçonnerie,view_profile,0.2,2026-01-15
273,46,Serrurerie,accept_offer,1.0,2025-07-25
25,209,Informatique,message_sent,0.6,2026-03-12
156,161,Informatique,view_profile,0.2,2025-12-29
380,222,Déménagement,view_profile,0.2,2025-11-07
167,156,Informatique,view_profile,0.2,2026-03-16
380,95,Peinture,accept_offer,1.0,2025-07-24
73,209,Informatique,ignore,0.0,2026-04-06
137,175,Électricité,view_profile,0.2,2026-01-03
158,43,Déménagement,ignore,0.0,2025-07-26
12,215,Informatique,ignore,0.0,2026-05-25
384,196,Informatique,ignore,0.0,2025-12-15
354,48,Informatique,view_profile,0.2,2026-05-29
373,270,Électricité,accept_offer,1.0,2025-08-24
341,129,Jardinage,view_profile,0.2,2025-08-06
208,275,Déménagement,view_profile,0.2,2026-02-16
65,78,Plomberie,accept_offer,1.0,2026-04-24
256,183,Menuiserie,ignore,0.0,2025-12-26
88,196,Informatique,reject_offer,-0.3,2026-03-22
399,196,Informatique,ignore,0.0,2025-06-19
271,100,Informatique,accept_offer,1.0,2026-02-13
294,45,Jardinage,reject_offer,-0.3,2025-06-09
177,292,Maçonnerie,view_profile,0.2,2026-05-08
325,181,Climatisation,message_sent,0.6,2025-08-10
283,234,Déménagement,view_profile,0.2,2025-09-15
81,75,Climatisation,view_profile,0.2,2026-04-30
339,238,Peinture,ignore,0.0,2025-10-18
287,174,Électricité,accept_offer,1.0,2025-08-08
131,98,Informatique,accept_offer,1.0,2025-08-05
75,180,Maçonnerie,view_profile,0.2,2025-11-22
96,23,Informatique,view_profile,0.2,2026-02-21
329,12,Carrelage,reject_offer,-0.3,2025-08-18
324,265,Menuiserie,message_sent,0.6,2025-12-15
23,148,Informatique,accept_offer,1.0,2025-08-31
94,135,Menuiserie,view_profile,0.2,2025-12-04
154,245,Serrurerie,view_profile,0.2,2025-12-25
355,175,Électricité,view_profile,0.2,2026-03-27
12,132,Menuiserie,ignore,0.0,2026-04-24
258,300,Maçonnerie,message_sent,0.6,2026-01-13
201,133,Déménagement,view_profile,0.2,2025-07-22
200,169,Déménagement,accept_offer,1.0,2025-12-02
221,69,Déménagement,view_profile,0.2,2026-03-17
252,272,Jardinage,message_sent,0.6,2026-02-20
227,196,Informatique,view_profile,0.2,2026-05-26
315,122,Plomberie,view_profile,0.2,2025-12-20
338,27,Nettoyage,message_sent,0.6,2025-08-08
71,12,Carrelage,ignore,0.0,2025-07-24
373,100,Informatique,accept_offer,1.0,2025-06-08
144,247,Plomberie,reject_offer,-0.3,2025-10-23
341,229,Nettoyage,ignore,0.0,2025-07-14
386,296,Serrurerie,accept_offer,1.0,2025-09-21
261,9,Jardinage,view_profile,0.2,2025-08-05
390,132,Menuiserie,ignore,0.0,2026-02-25
301,166,Climatisation,reject_offer,-0.3,2026-03-17
87,292,Maçonnerie,view_profile,0.2,2025-07-11
302,63,Nettoyage,view_profile,0.2,2026-03-19
375,25,Climatisation,ignore,0.0,2025-10-01
158,226,Menuiserie,view_profile,0.2,2025-10-04
302,184,Jardinage,ignore,0.0,2025-12-30
243,111,Électricité,accept_offer,1.0,2026-03-19
170,114,Maçonnerie,view_profile,0.2,2025-12-22
253,5,Nettoyage,reject_offer,-0.3,2025-10-12
262,265,Menuiserie,message_sent,0.6,2026-04-20
271,212,Menuiserie,reject_offer,-0.3,2025-11-20
195,77,Maçonnerie,accept_offer,1.0,2025-08-28
189,274,Électricité,accept_offer,1.0,2025-08-24
270,85,Maçonnerie,reject_offer,-0.3,2025-06-04
390,57,Carrelage,message_sent,0.6,2025-08-21
126,192,Nettoyage,view_profile,0.2,2026-01-13
262,264,Déménagement,view_profile,0.2,2026-03-05
373,153,Serrurerie,accept_offer,1.0,2026-01-06
249,210,Menuiserie,accept_offer,1.0,2026-02-16
10,205,Menuiserie,view_profile,0.2,2026-03-13
113,246,Informatique,ignore,0.0,2025-10-25
295,167,Plomberie,reject_offer,-0.3,2026-02-02
172,76,Informatique,view_profile,0.2,2025-12-03
326,103,Maçonnerie,view_profile,0.2,2026-02-03
166,177,Plomberie,accept_offer,1.0,2026-06-02
169,82,Déménagement,ignore,0.0,2026-05-28
319,251,Menuiserie,view_profile,0.2,2026-06-01
235,142,Nettoyage,view_profile,0.2,2026-05-21
33,150,Carrelage,ignore,0.0,2025-12-18
351,81,Carrelage,message_sent,0.6,2025-11-16
390,62,Plomberie,reject_offer,-0.3,2026-05-03
61,253,Déménagement,message_sent,0.6,2025-11-22
115,138,Électricité,accept_offer,1.0,2025-12-03
163,37,Plomberie,reject_offer,-0.3,2026-04-28
224,160,Informatique,ignore,0.0,2026-04-13
207,226,Menuiserie,message_sent,0.6,2026-01-08
122,5,Nettoyage,ignore,0.0,2025-06-29
290,106,Maçonnerie,message_sent,0.6,2026-02-17
95,32,Nettoyage,reject_offer,-0.3,2025-12-23
99,20,Informatique,view_profile,0.2,2025-11-18
295,244,Déménagement,accept_offer,1.0,2025-08-22
89,144,Électricité,view_profile,0.2,2026-02-27
144,278,Serrurerie,reject_offer,-0.3,2025-09-22
157,86,Climatisation,message_sent,0.6,2025-12-31
284,25,Climatisation,accept_offer,1.0,2026-02-25
393,131,Déménagement,message_sent,0.6,2026-05-25
26,43,Déménagement,reject_offer,-0.3,2026-02-18
18,141,Électricité,view_profile,0.2,2025-09-16
101,154,Carrelage,accept_offer,1.0,2025-07-10
171,113,Serrurerie,message_sent,0.6,2025-10-05
192,270,Électricité,message_sent,0.6,2026-02-07
54,178,Maçonnerie,view_profile,0.2,2025-10-21
214,9,Jardinage,view_profile,0.2,2026-03-30
79,202,Nettoyage,view_profile,0.2,2026-01-13
249,137,Menuiserie,ignore,0.0,2025-12-27
325,71,Peinture,message_sent,0.6,2025-06-28
323,171,Déménagement,reject_offer,-0.3,2025-12-23
357,154,Carrelage,accept_offer,1.0,2025-07-06
55,79,Carrelage,reject_offer,-0.3,2025-11-29
210,228,Nettoyage,reject_offer,-0.3,2026-05-19
79,257,Carrelage,message_sent,0.6,2025-06-25
88,44,Maçonnerie,ignore,0.0,2025-12-03
165,112,Plomberie,accept_offer,1.0,2025-06-14
345,255,Peinture,message_sent,0.6,2025-11-14
282,72,Nettoyage,view_profile,0.2,2025-08-24
198,94,Jardinage,message_sent,0.6,2025-09-23
311,190,Climatisation,message_sent,0.6,2026-04-28
263,137,Menuiserie,view_profile,0.2,2025-12-23
2,229,Nettoyage,accept_offer,1.0,2025-06-15
247,176,Carrelage,view_profile,0.2,2026-03-19
357,292,Maçonnerie,ignore,0.0,2026-04-10
259,34,Serrurerie,message_sent,0.6,2025-12-12
190,36,Climatisation,view_profile,0.2,2026-05-16
353,142,Nettoyage,view_profile,0.2,2025-11-08
310,85,Maçonnerie,view_profile,0.2,2026-05-14
52,220,Déménagement,ignore,0.0,2026-04-17
278,92,Nettoyage,message_sent,0.6,2026-05-14
390,126,Climatisation,message_sent,0.6,2026-04-29
173,293,Jardinage,message_sent,0.6,2026-01-15
228,223,Jardinage,message_sent,0.6,2025-11-14
299,19,Nettoyage,message_sent,0.6,2025-12-06
167,156,Informatique,reject_offer,-0.3,2025-10-16
333,108,Maçonnerie,accept_offer,1.0,2025-11-07
114,222,Déménagement,message_sent,0.6,2026-05-06
253,53,Menuiserie,view_profile,0.2,2025-12-31
289,90,Électricité,ignore,0.0,2025-06-05
299,137,Menuiserie,reject_offer,-0.3,2025-07-01
250,208,Plomberie,ignore,0.0,2026-05-25
124,153,Serrurerie,ignore,0.0,2025-11-28
108,185,Nettoyage,accept_offer,1.0,2026-01-28
64,27,Nettoyage,accept_offer,1.0,2025-07-30
64,171,Déménagement,accept_offer,1.0,2026-01-26
233,118,Plomberie,reject_offer,-0.3,2026-04-14
135,124,Climatisation,accept_offer,1.0,2026-05-07
135,275,Déménagement,message_sent,0.6,2025-08-31
181,188,Jardinage,message_sent,0.6,2026-02-15
173,206,Déménagement,view_profile,0.2,2025-09-26
176,139,Maçonnerie,accept_offer,1.0,2026-04-24
250,159,Carrelage,view_profile,0.2,2026-03-04
169,192,Nettoyage,message_sent,0.6,2026-04-17
341,161,Informatique,view_profile,0.2,2025-08-17
275,188,Jardinage,ignore,0.0,2025-11-29
283,10,Nettoyage,reject_offer,-0.3,2026-05-15
384,299,Plomberie,reject_offer,-0.3,2025-11-27
249,155,Peinture,reject_offer,-0.3,2025-12-06
257,51,Carrelage,accept_offer,1.0,2025-12-27
23,80,Carrelage,reject_offer,-0.3,2026-03-02
396,135,Menuiserie,accept_offer,1.0,2025-08-03
398,100,Informatique,message_sent,0.6,2025-10-04
110,155,Peinture,message_sent,0.6,2025-11-04
10,239,Maçonnerie,view_profile,0.2,2025-12-26
304,228,Nettoyage,accept_offer,1.0,2025-07-23
131,253,Déménagement,accept_offer,1.0,2026-02-09
369,126,Climatisation,ignore,0.0,2025-08-06
285,179,Menuiserie,reject_offer,-0.3,2026-03-23
175,22,Peinture,message_sent,0.6,2025-09-22
256,146,Peinture,message_sent,0.6,2025-12-27
19,63,Nettoyage,message_sent,0.6,2025-09-09
312,199,Déménagement,view_profile,0.2,2025-07-13
236,179,Menuiserie,accept_offer,1.0,2025-06-19
338,21,Jardinage,reject_offer,-0.3,2026-01-14
384,19,Nettoyage,ignore,0.0,2026-01-25
294,139,Maçonnerie,accept_offer,1.0,2026-02-09
279,222,Déménagement,reject_offer,-0.3,2025-09-03
271,161,Informatique,view_profile,0.2,2025-07-24
204,80,Carrelage,view_profile,0.2,2025-12-07
297,122,Plomberie,accept_offer,1.0,2026-03-30
218,228,Nettoyage,message_sent,0.6,2025-10-09
181,102,Électricité,reject_offer,-0.3,2026-02-08
123,189,Électricité,ignore,0.0,2025-12-03
361,270,Électricité,accept_offer,1.0,2025-06-27
251,30,Climatisation,message_sent,0.6,2025-08-11
274,276,Jardinage,view_profile,0.2,2025-07-17
110,119,Serrurerie,reject_offer,-0.3,2025-07-28
386,100,Informatique,accept_offer,1.0,2025-07-12
140,98,Informatique,view_profile,0.2,2026-01-29
159,85,Maçonnerie,message_sent,0.6,2025-11-09
315,117,Peinture,message_sent,0.6,2026-05-14
116,161,Informatique,message_sent,0.6,2026-03-21
212,227,Plomberie,reject_offer,-0.3,2025-07-06
356,138,Électricité,message_sent,0.6,2025-06-15
101,6,Nettoyage,accept_offer,1.0,2026-01-23
345,117,Peinture,reject_offer,-0.3,2026-04-21
224,187,Déménagement,accept_offer,1.0,2025-08-21
200,13,Plomberie,message_sent,0.6,2025-11-26
93,213,Informatique,view_profile,0.2,2026-01-31
303,136,Menuiserie,reject_offer,-0.3,2025-07-08
73,260,Climatisation,ignore,0.0,2026-02-26
200,220,Déménagement,ignore,0.0,2025-07-27
46,65,Serrurerie,accept_offer,1.0,2025-09-12
86,39,Peinture,view_profile,0.2,2026-05-06
86,166,Climatisation,ignore,0.0,2025-12-14
43,56,Peinture,accept_offer,1.0,2026-04-28
280,291,Serrurerie,reject_offer,-0.3,2025-08-18
171,157,Déménagement,message_sent,0.6,2025-11-14
232,136,Menuiserie,accept_offer,1.0,2025-10-21
194,191,Informatique,reject_offer,-0.3,2025-09-04
192,163,Nettoyage,view_profile,0.2,2025-07-13
57,267,Déménagement,view_profile,0.2,2026-05-22
273,176,Carrelage,view_profile,0.2,2025-12-16
231,97,Carrelage,message_sent,0.6,2025-06-13
352,174,Électricité,view_profile,0.2,2025-09-17
283,277,Jardinage,view_profile,0.2,2026-04-03
111,228,Nettoyage,reject_offer,-0.3,2026-01-09
263,155,Peinture,reject_offer,-0.3,2026-03-05
399,144,Électricité,ignore,0.0,2025-07-15
134,196,Informatique,accept_offer,1.0,2025-08-27
15,39,Peinture,view_profile,0.2,2026-02-26
125,102,Électricité,view_profile,0.2,2025-10-18
31,50,Déménagement,view_profile,0.2,2026-01-16
87,278,Serrurerie,view_profile,0.2,2025-12-20
6,101,Plomberie,view_profile,0.2,2026-02-05
399,203,Menuiserie,ignore,0.0,2026-01-29
248,24,Jardinage,reject_offer,-0.3,2025-06-09
216,248,Nettoyage,message_sent,0.6,2026-03-09
122,239,Maçonnerie,message_sent,0.6,2026-04-09
192,2,Électricité,message_sent,0.6,2026-05-04
248,34,Serrurerie,accept_offer,1.0,2025-09-06
49,256,Informatique,view_profile,0.2,2025-10-26
280,269,Carrelage,reject_offer,-0.3,2025-12-23
288,26,Informatique,accept_offer,1.0,2025-07-26
257,200,Serrurerie,reject_offer,-0.3,2025-09-25
23,116,Plomberie,ignore,0.0,2026-05-13
83,199,Déménagement,reject_offer,-0.3,2026-05-05
169,206,Déménagement,view_profile,0.2,2026-01-09
240,153,Serrurerie,view_profile,0.2,2026-04-13
43,206,Déménagement,view_profile,0.2,2026-05-20
386,119,Serrurerie,accept_offer,1.0,2025-06-14
199,129,Jardinage,reject_offer,-0.3,2026-03-22
17,290,Serrurerie,reject_offer,-0.3,2026-02-08
331,8,Jardinage,view_profile,0.2,2025-08-09
173,59,Carrelage,reject_offer,-0.3,2026-04-05
231,28,Jardinage,view_profile,0.2,2025-07-09
378,192,Nettoyage,accept_offer,1.0,2025-07-25
97,204,Serrurerie,ignore,0.0,2025-08-15
297,201,Informatique,message_sent,0.6,2025-06-09
237,142,Nettoyage,view_profile,0.2,2025-11-21
127,35,Plomberie,accept_offer,1.0,2026-04-26
204,71,Peinture,reject_offer,-0.3,2025-11-25
88,206,Déménagement,reject_offer,-0.3,2025-08-14
90,58,Jardinage,message_sent,0.6,2025-06-16
282,262,Carrelage,message_sent,0.6,2025-10-23
264,6,Nettoyage,view_profile,0.2,2026-04-08
119,102,Électricité,reject_offer,-0.3,2025-12-09
280,119,Serrurerie,reject_offer,-0.3,2025-11-03
99,43,Déménagement,view_profile,0.2,2025-12-06
230,123,Maçonnerie,ignore,0.0,2025-11-18
44,246,Informatique,view_profile,0.2,2025-10-11
194,294,Nettoyage,view_profile,0.2,2026-05-23
362,177,Plomberie,view_profile,0.2,2025-08-26
377,42,Serrurerie,view_profile,0.2,2025-07-19
78,279,Climatisation,view_profile,0.2,2025-07-18
293,170,Menuiserie,message_sent,0.6,2026-04-25
299,247,Plomberie,accept_offer,1.0,2025-06-10
113,174,Électricité,reject_offer,-0.3,2026-04-08
233,52,Nettoyage,message_sent,0.6,2026-02-11
42,249,Peinture,accept_offer,1.0,2025-09-10
17,177,Plomberie,message_sent,0.6,2026-01-21
30,294,Nettoyage,view_profile,0.2,2025-08-09
130,196,Informatique,view_profile,0.2,2025-07-21
201,130,Déménagement,message_sent,0.6,2025-09-30
390,285,Climatisation,accept_offer,1.0,2025-09-18
123,230,Jardinage,message_sent,0.6,2025-10-14
60,286,Carrelage,message_sent,0.6,2025-12-27
235,238,Peinture,ignore,0.0,2026-01-13
32,5,Nettoyage,message_sent,0.6,2025-09-26
159,167,Plomberie,ignore,0.0,2026-05-05
366,233,Déménagement,accept_offer,1.0,2026-05-12
120,41,Plomberie,accept_offer,1.0,2026-01-31
390,122,Plomberie,view_profile,0.2,2025-09-27
91,136,Menuiserie,accept_offer,1.0,2026-01-05
384,232,Menuiserie,view_profile,0.2,2026-02-14
136,175,Électricité,view_profile,0.2,2025-06-04
155,278,Serrurerie,view_profile,0.2,2026-03-04
23,156,Informatique,reject_offer,-0.3,2026-01-14
372,112,Plomberie,reject_offer,-0.3,2026-03-08
48,177,Plomberie,message_sent,0.6,2025-11-25
149,84,Jardinage,message_sent,0.6,2026-01-22
305,299,Plomberie,ignore,0.0,2025-12-05
297,154,Carrelage,reject_offer,-0.3,2026-01-01
61,54,Menuiserie,view_profile,0.2,2026-02-06
295,243,Serrurerie,message_sent,0.6,2026-01-20
186,149,Climatisation,accept_offer,1.0,2025-11-30
215,175,Électricité,message_sent,0.6,2026-02-21
290,234,Déménagement,view_profile,0.2,2025-12-19
350,296,Serrurerie,view_profile,0.2,2026-02-18
173,138,Électricité,ignore,0.0,2026-05-18
13,105,Nettoyage,accept_offer,1.0,2026-04-11
260,133,Déménagement,ignore,0.0,2025-12-15
271,179,Menuiserie,reject_offer,-0.3,2025-06-09
223,195,Nettoyage,reject_offer,-0.3,2026-04-05
94,209,Informatique,view_profile,0.2,2026-02-24
68,210,Menuiserie,reject_offer,-0.3,2026-02-02
18,227,Plomberie,ignore,0.0,2026-01-23
225,192,Nettoyage,message_sent,0.6,2026-05-04
106,292,Maçonnerie,accept_offer,1.0,2025-12-29
74,193,Peinture,view_profile,0.2,2026-01-29
302,95,Peinture,ignore,0.0,2026-01-17
36,44,Maçonnerie,view_profile,0.2,2026-01-14
389,123,Maçonnerie,ignore,0.0,2025-08-06
67,284,Électricité,accept_offer,1.0,2025-08-31
96,17,Nettoyage,message_sent,0.6,2026-05-04
86,148,Informatique,view_profile,0.2,2025-09-30
99,124,Climatisation,view_profile,0.2,2025-08-16
111,118,Plomberie,view_profile,0.2,2025-12-15
12,206,Déménagement,reject_offer,-0.3,2025-06-18
194,290,Serrurerie,ignore,0.0,2025-10-14
363,117,Peinture,accept_offer,1.0,2025-06-05
205,177,Plomberie,accept_offer,1.0,2025-09-09
175,225,Serrurerie,message_sent,0.6,2025-12-21
166,72,Nettoyage,accept_offer,1.0,2025-07-20
70,259,Peinture,view_profile,0.2,2026-02-05
367,25,Climatisation,view_profile,0.2,2025-12-16
136,130,Déménagement,message_sent,0.6,2026-03-15
173,148,Informatique,message_sent,0.6,2025-11-25
126,55,Climatisation,view_profile,0.2,2026-03-27
324,267,Déménagement,reject_offer,-0.3,2025-10-13
86,186,Informatique,message_sent,0.6,2025-11-10
74,272,Jardinage,reject_offer,-0.3,2025-11-16
127,228,Nettoyage,message_sent,0.6,2025-11-05
68,187,Déménagement,view_profile,0.2,2025-06-19
246,286,Carrelage,ignore,0.0,2026-01-07
282,272,Jardinage,accept_offer,1.0,2026-01-18
279,204,Serrurerie,view_profile,0.2,2025-09-04
22,118,Plomberie,reject_offer,-0.3,2025-08-09
87,63,Nettoyage,view_profile,0.2,2025-07-12
247,18,Jardinage,ignore,0.0,2025-07-21
319,167,Plomberie,accept_offer,1.0,2026-01-02
107,296,Serrurerie,accept_offer,1.0,2026-03-07
242,290,Serrurerie,message_sent,0.6,2026-02-06
82,266,Jardinage,message_sent,0.6,2026-05-28
40,129,Jardinage,reject_offer,-0.3,2025-11-09
291,186,Informatique,reject_offer,-0.3,2025-08-31
296,58,Jardinage,message_sent,0.6,2026-05-11
296,201,Informatique,view_profile,0.2,2025-08-01
219,5,Nettoyage,view_profile,0.2,2025-09-05
278,286,Carrelage,message_sent,0.6,2026-01-31
3,10,Nettoyage,view_profile,0.2,2026-05-29
22,92,Nettoyage,message_sent,0.6,2025-11-10
174,41,Plomberie,view_profile,0.2,2025-06-14
76,82,Déménagement,reject_offer,-0.3,2026-05-05
386,2,Électricité,view_profile,0.2,2026-02-09
185,153,Serrurerie,message_sent,0.6,2025-10-21
35,204,Serrurerie,view_profile,0.2,2026-02-14
318,71,Peinture,accept_offer,1.0,2026-05-26
35,29,Maçonnerie,ignore,0.0,2025-10-19
208,213,Informatique,view_profile,0.2,2026-01-28
164,10,Nettoyage,reject_offer,-0.3,2025-12-03
88,208,Plomberie,accept_offer,1.0,2026-03-23
230,130,Déménagement,view_profile,0.2,2025-06-30
118,204,Serrurerie,view_profile,0.2,2026-03-04
393,175,Électricité,view_profile,0.2,2026-03-08
97,104,Nettoyage,view_profile,0.2,2025-12-11
260,253,Déménagement,view_profile,0.2,2025-10-03
353,285,Climatisation,view_profile,0.2,2026-03-04
363,6,Nettoyage,message_sent,0.6,2025-07-19
133,172,Plomberie,message_sent,0.6,2026-04-04
79,118,Plomberie,view_profile,0.2,2026-02-07
39,138,Électricité,reject_offer,-0.3,2026-03-03
176,257,Carrelage,reject_offer,-0.3,2026-04-17
325,236,Peinture,view_profile,0.2,2025-12-07
23,55,Climatisation,accept_offer,1.0,2026-02-13
312,248,Nettoyage,accept_offer,1.0,2025-06-18
317,67,Jardinage,message_sent,0.6,2026-03-23
67,24,Jardinage,view_profile,0.2,2026-03-18
80,282,Peinture,reject_offer,-0.3,2025-12-01
65,122,Plomberie,view_profile,0.2,2025-08-19
290,231,Serrurerie,reject_offer,-0.3,2025-10-19
295,102,Électricité,reject_offer,-0.3,2026-03-30
175,259,Peinture,view_profile,0.2,2025-07-26
176,275,Déménagement,ignore,0.0,2026-04-23
191,166,Climatisation,reject_offer,-0.3,2025-07-13
220,109,Peinture,reject_offer,-0.3,2026-04-30
228,43,Déménagement,view_profile,0.2,2025-08-27
10,239,Maçonnerie,view_profile,0.2,2026-01-25
155,57,Carrelage,ignore,0.0,2025-11-09
94,154,Carrelage,accept_offer,1.0,2026-01-29
122,299,Plomberie,message_sent,0.6,2025-12-18
67,178,Maçonnerie,accept_offer,1.0,2026-02-23
280,122,Plomberie,accept_offer,1.0,2025-09-03
154,295,Climatisation,ignore,0.0,2026-01-30
373,231,Serrurerie,view_profile,0.2,2026-04-30
223,237,Jardinage,message_sent,0.6,2025-10-14
153,98,Informatique,accept_offer,1.0,2025-09-13
323,176,Carrelage,ignore,0.0,2026-04-18
237,266,Jardinage,message_sent,0.6,2026-04-09
193,186,Informatique,message_sent,0.6,2025-11-23
208,158,Maçonnerie,view_profile,0.2,2026-02-24
347,23,Informatique,reject_offer,-0.3,2026-04-14
293,25,Climatisation,reject_offer,-0.3,2025-09-27
139,274,Électricité,accept_offer,1.0,2026-04-28
152,65,Serrurerie,view_profile,0.2,2026-03-28
215,26,Informatique,accept_offer,1.0,2025-06-29
291,147,Informatique,view_profile,0.2,2025-07-07
215,182,Déménagement,message_sent,0.6,2026-02-03
213,66,Nettoyage,view_profile,0.2,2025-08-28
208,196,Informatique,accept_offer,1.0,2026-05-25
71,65,Serrurerie,message_sent,0.6,2026-04-04
79,17,Nettoyage,view_profile,0.2,2026-04-06
119,28,Jardinage,accept_offer,1.0,2025-07-17
368,138,Électricité,ignore,0.0,2026-04-22
31,52,Nettoyage,accept_offer,1.0,2025-08-18
239,124,Climatisation,view_profile,0.2,2026-06-02
59,236,Peinture,view_profile,0.2,2025-09-05
203,160,Informatique,ignore,0.0,2025-10-14
252,169,Déménagement,message_sent,0.6,2025-06-10
6,34,Serrurerie,message_sent,0.6,2025-08-07
313,115,Plomberie,view_profile,0.2,2025-11-19
313,271,Déménagement,ignore,0.0,2025-10-21
230,157,Déménagement,view_profile,0.2,2026-03-25
276,125,Jardinage,reject_offer,-0.3,2026-05-01
391,166,Climatisation,accept_offer,1.0,2026-05-20
213,247,Plomberie,reject_offer,-0.3,2025-07-16
181,128,Menuiserie,ignore,0.0,2025-06-14
87,86,Climatisation,message_sent,0.6,2025-08-26
380,155,Peinture,message_sent,0.6,2025-10-02
207,167,Plomberie,view_profile,0.2,2025-09-15
74,289,Nettoyage,view_profile,0.2,2025-06-23
361,29,Maçonnerie,message_sent,0.6,2026-01-22
209,35,Plomberie,ignore,0.0,2026-04-30
160,155,Peinture,view_profile,0.2,2026-02-16
251,128,Menuiserie,reject_offer,-0.3,2026-05-31
167,163,Nettoyage,view_profile,0.2,2025-06-30
366,146,Peinture,view_profile,0.2,2025-10-09
64,206,Déménagement,accept_offer,1.0,2026-04-06
74,32,Nettoyage,reject_offer,-0.3,2026-01-16
187,138,Électricité,ignore,0.0,2025-09-27
319,101,Plomberie,view_profile,0.2,2025-09-30
351,295,Climatisation,message_sent,0.6,2025-06-13
142,164,Carrelage,ignore,0.0,2026-05-13
303,94,Jardinage,reject_offer,-0.3,2026-05-22
178,90,Électricité,message_sent,0.6,2026-03-16
356,114,Maçonnerie,view_profile,0.2,2025-09-13
128,262,Carrelage,view_profile,0.2,2025-09-25
127,11,Déménagement,ignore,0.0,2025-10-01
142,175,Électricité,view_profile,0.2,2026-05-17
107,26,Informatique,view_profile,0.2,2025-09-29
217,159,Carrelage,view_profile,0.2,2025-09-03
79,151,Déménagement,reject_offer,-0.3,2025-10-11
12,292,Maçonnerie,message_sent,0.6,2025-09-09
366,235,Serrurerie,view_profile,0.2,2025-10-05
118,178,Maçonnerie,view_profile,0.2,2025-07-11
205,25,Climatisation,view_profile,0.2,2025-08-10
168,50,Déménagement,reject_offer,-0.3,2026-02-08
363,46,Serrurerie,message_sent,0.6,2025-12-03
167,274,Électricité,ignore,0.0,2025-07-01
301,137,Menuiserie,accept_offer,1.0,2026-05-27
27,140,Jardinage,view_profile,0.2,2026-05-01
352,154,Carrelage,ignore,0.0,2025-12-22
157,37,Plomberie,view_profile,0.2,2026-04-17
81,191,Informatique,reject_offer,-0.3,2025-07-18
68,165,Électricité,view_profile,0.2,2025-06-22
249,265,Menuiserie,view_profile,0.2,2025-07-20
128,177,Plomberie,ignore,0.0,2025-11-29
367,115,Plomberie,reject_offer,-0.3,2025-11-09
313,131,Déménagement,ignore,0.0,2025-07-09
316,241,Maçonnerie,view_profile,0.2,2026-05-24
255,161,Informatique,message_sent,0.6,2025-08-05
201,222,Déménagement,reject_offer,-0.3,2025-08-31
264,68,Peinture,ignore,0.0,2025-12-30
126,9,Jardinage,reject_offer,-0.3,2026-01-10
62,211,Maçonnerie,view_profile,0.2,2025-07-12
344,275,Déménagement,accept_offer,1.0,2026-01-11
122,162,Nettoyage,view_profile,0.2,2025-06-04
235,224,Peinture,ignore,0.0,2025-11-11
22,149,Climatisation,view_profile,0.2,2025-11-11
311,288,Nettoyage,accept_offer,1.0,2026-02-15
184,216,Carrelage,accept_offer,1.0,2026-01-25
40,157,Déménagement,view_profile,0.2,2025-09-22
355,217,Électricité,view_profile,0.2,2026-02-17
22,20,Informatique,view_profile,0.2,2025-07-14
146,214,Plomberie,reject_offer,-0.3,2025-06-29
376,111,Électricité,accept_offer,1.0,2026-02-07
263,269,Carrelage,message_sent,0.6,2025-07-24
276,107,Climatisation,view_profile,0.2,2025-12-21
337,59,Carrelage,message_sent,0.6,2025-10-06
285,268,Menuiserie,view_profile,0.2,2026-02-19
243,275,Déménagement,reject_offer,-0.3,2025-07-19
271,181,Climatisation,ignore,0.0,2026-04-05
24,180,Maçonnerie,accept_offer,1.0,2026-05-08
303,196,Informatique,view_profile,0.2,2025-12-25
389,286,Carrelage,message_sent,0.6,2025-08-25
195,246,Informatique,view_profile,0.2,2025-06-21
7,246,Informatique,ignore,0.0,2026-06-04
250,81,Carrelage,reject_offer,-0.3,2026-04-26
284,58,Jardinage,accept_offer,1.0,2025-10-30
230,80,Carrelage,accept_offer,1.0,2026-01-24
108,181,Climatisation,message_sent,0.6,2025-06-13
239,265,Menuiserie,view_profile,0.2,2026-06-03
400,15,Maçonnerie,ignore,0.0,2025-09-25
26,205,Menuiserie,accept_offer,1.0,2026-02-25
390,300,Maçonnerie,accept_offer,1.0,2026-03-22
191,53,Menuiserie,accept_offer,1.0,2025-11-28
146,281,Serrurerie,view_profile,0.2,2026-01-26
41,134,Peinture,message_sent,0.6,2025-10-16
289,19,Nettoyage,ignore,0.0,2025-12-15
270,264,Déménagement,reject_offer,-0.3,2026-01-20
191,36,Climatisation,ignore,0.0,2025-11-23
391,252,Menuiserie,ignore,0.0,2025-07-17
218,156,Informatique,message_sent,0.6,2025-06-27
180,188,Jardinage,reject_offer,-0.3,2025-09-18
156,128,Menuiserie,ignore,0.0,2025-07-19
258,25,Climatisation,ignore,0.0,2026-05-05
225,108,Maçonnerie,accept_offer,1.0,2025-08-18
9,17,Nettoyage,view_profile,0.2,2026-03-01
178,220,Déménagement,view_profile,0.2,2025-09-21
123,241,Maçonnerie,reject_offer,-0.3,2026-02-05
124,10,Nettoyage,accept_offer,1.0,2025-07-24
194,254,Jardinage,accept_offer,1.0,2026-02-05
56,83,Nettoyage,reject_offer,-0.3,2025-07-29
191,145,Jardinage,message_sent,0.6,2026-05-14
79,7,Informatique,ignore,0.0,2025-08-16
135,30,Climatisation,view_profile,0.2,2025-12-12
149,173,Jardinage,view_profile,0.2,2026-05-06
30,176,Carrelage,view_profile,0.2,2025-06-20
260,19,Nettoyage,accept_offer,1.0,2026-03-31
282,107,Climatisation,accept_offer,1.0,2026-02-12
206,235,Serrurerie,view_profile,0.2,2026-02-20
245,70,Nettoyage,view_profile,0.2,2025-07-23
201,110,Maçonnerie,view_profile,0.2,2025-10-26
128,270,Électricité,view_profile,0.2,2026-05-13
31,15,Maçonnerie,view_profile,0.2,2025-07-14
150,115,Plomberie,view_profile,0.2,2026-04-14
158,116,Plomberie,ignore,0.0,2026-02-10
355,143,Carrelage,view_profile,0.2,2026-03-21
290,212,Menuiserie,view_profile,0.2,2025-10-20
212,199,Déménagement,view_profile,0.2,2026-04-17
255,100,Informatique,message_sent,0.6,2026-02-26
311,194,Jardinage,view_profile,0.2,2025-11-23
80,232,Menuiserie,reject_offer,-0.3,2026-04-23
207,29,Maçonnerie,view_profile,0.2,2025-08-08
128,20,Informatique,view_profile,0.2,2025-10-28
20,191,Informatique,message_sent,0.6,2026-01-29
232,53,Menuiserie,view_profile,0.2,2025-07-14
338,189,Électricité,message_sent,0.6,2025-06-26
135,53,Menuiserie,ignore,0.0,2026-04-22
85,260,Climatisation,ignore,0.0,2025-06-10
173,36,Climatisation,message_sent,0.6,2026-01-10
23,278,Serrurerie,reject_offer,-0.3,2025-09-04
112,297,Climatisation,view_profile,0.2,2026-02-28
284,151,Déménagement,reject_offer,-0.3,2026-02-07
326,18,Jardinage,accept_offer,1.0,2025-12-16
100,214,Plomberie,view_profile,0.2,2025-08-14
243,201,Informatique,accept_offer,1.0,2026-03-13
145,156,Informatique,view_profile,0.2,2025-06-11
75,82,Déménagement,reject_offer,-0.3,2025-10-14
356,285,Climatisation,view_profile,0.2,2026-03-05
279,202,Nettoyage,view_profile,0.2,2025-07-10
126,237,Jardinage,view_profile,0.2,2025-07-13
154,188,Jardinage,view_profile,0.2,2025-07-11
57,273,Serrurerie,view_profile,0.2,2025-08-21
195,195,Nettoyage,accept_offer,1.0,2025-08-05
135,63,Nettoyage,accept_offer,1.0,2025-10-09
343,294,Nettoyage,message_sent,0.6,2025-12-17
44,13,Plomberie,view_profile,0.2,2025-07-21
257,291,Serrurerie,reject_offer,-0.3,2025-08-06
53,298,Électricité,reject_offer,-0.3,2026-04-15
65,162,Nettoyage,reject_offer,-0.3,2025-12-14
337,74,Climatisation,ignore,0.0,2026-02-07
210,287,Climatisation,accept_offer,1.0,2025-09-20
149,33,Plomberie,ignore,0.0,2025-09-24
135,41,Plomberie,view_profile,0.2,2025-09-13
387,36,Climatisation,message_sent,0.6,2025-07-30
288,54,Menuiserie,view_profile,0.2,2025-11-26
44,119,Serrurerie,view_profile,0.2,2026-04-25
60,228,Nettoyage,ignore,0.0,2026-05-12
2,159,Carrelage,view_profile,0.2,2025-06-23
258,185,Nettoyage,message_sent,0.6,2026-03-24
382,141,Électricité,reject_offer,-0.3,2025-12-18
233,52,Nettoyage,view_profile,0.2,2026-02-16
235,270,Électricité,view_profile,0.2,2025-06-15
102,54,Menuiserie,view_profile,0.2,2025-12-02
391,200,Serrurerie,view_profile,0.2,2026-02-01
65,79,Carrelage,message_sent,0.6,2026-05-08
242,138,Électricité,reject_offer,-0.3,2026-01-22
372,138,Électricité,view_profile,0.2,2025-09-21
231,136,Menuiserie,view_profile,0.2,2026-04-21
298,269,Carrelage,message_sent,0.6,2026-04-09
118,127,Déménagement,accept_offer,1.0,2026-06-01
118,202,Nettoyage,reject_offer,-0.3,2026-04-14
148,46,Serrurerie,view_profile,0.2,2026-04-22
208,154,Carrelage,view_profile,0.2,2025-12-18
9,115,Plomberie,view_profile,0.2,2026-01-20
180,120,Peinture,ignore,0.0,2026-05-29
331,285,Climatisation,view_profile,0.2,2026-02-09
204,124,Climatisation,view_profile,0.2,2025-06-22
42,14,Électricité,ignore,0.0,2026-04-08
208,171,Déménagement,view_profile,0.2,2025-07-22
85,165,Électricité,view_profile,0.2,2025-06-23
199,148,Informatique,view_profile,0.2,2025-10-25
226,149,Climatisation,ignore,0.0,2025-12-25
238,154,Carrelage,ignore,0.0,2025-12-14
397,299,Plomberie,reject_offer,-0.3,2026-04-02
140,261,Déménagement,view_profile,0.2,2025-07-09
240,7,Informatique,ignore,0.0,2025-10-08
208,55,Climatisation,view_profile,0.2,2025-07-01
234,240,Climatisation,view_profile,0.2,2025-07-10
228,249,Peinture,ignore,0.0,2025-09-25
335,247,Plomberie,view_profile,0.2,2025-11-09
305,102,Électricité,reject_offer,-0.3,2025-06-22
228,271,Déménagement,view_profile,0.2,2025-07-11
227,55,Climatisation,accept_offer,1.0,2026-01-06
27,19,Nettoyage,view_profile,0.2,2025-06-16
88,48,Informatique,view_profile,0.2,2025-11-01
45,183,Menuiserie,view_profile,0.2,2026-04-03
217,230,Jardinage,view_profile,0.2,2025-09-30
120,266,Jardinage,view_profile,0.2,2026-03-20
374,209,Informatique,ignore,0.0,2025-11-26
192,83,Nettoyage,view_profile,0.2,2025-07-29
246,14,Électricité,reject_offer,-0.3,2025-10-01
185,125,Jardinage,ignore,0.0,2025-07-02
160,300,Maçonnerie,accept_offer,1.0,2025-12-17
321,207,Peinture,ignore,0.0,2025-09-21
369,198,Informatique,reject_offer,-0.3,2026-04-14
245,234,Déménagement,view_profile,0.2,2026-01-22
111,291,Serrurerie,ignore,0.0,2026-01-08
356,80,Carrelage,view_profile,0.2,2026-02-12
368,78,Plomberie,ignore,0.0,2025-09-12
383,287,Climatisation,reject_offer,-0.3,2026-02-28
193,169,Déménagement,ignore,0.0,2025-10-06
319,79,Carrelage,ignore,0.0,2026-05-07
199,284,Électricité,message_sent,0.6,2025-07-21
134,41,Plomberie,ignore,0.0,2025-10-05
141,296,Serrurerie,view_profile,0.2,2025-08-06
392,247,Plomberie,ignore,0.0,2025-12-20
226,18,Jardinage,message_sent,0.6,2025-12-08
187,287,Climatisation,accept_offer,1.0,2026-02-03
118,164,Carrelage,message_sent,0.6,2025-08-07
61,63,Nettoyage,message_sent,0.6,2025-11-24
13,202,Nettoyage,accept_offer,1.0,2026-03-31
286,97,Carrelage,ignore,0.0,2025-12-10
385,135,Menuiserie,message_sent,0.6,2025-12-26
107,274,Électricité,accept_offer,1.0,2026-01-19
8,53,Menuiserie,ignore,0.0,2026-05-09
322,168,Menuiserie,message_sent,0.6,2025-06-06
119,122,Plomberie,view_profile,0.2,2025-08-10
244,51,Carrelage,reject_offer,-0.3,2025-12-23
204,299,Plomberie,ignore,0.0,2025-12-06
165,65,Serrurerie,accept_offer,1.0,2026-05-02
29,169,Déménagement,view_profile,0.2,2025-08-31
200,28,Jardinage,view_profile,0.2,2026-05-11
42,57,Carrelage,accept_offer,1.0,2025-07-02
43,168,Menuiserie,message_sent,0.6,2026-01-02
37,300,Maçonnerie,message_sent,0.6,2026-03-18
133,130,Déménagement,ignore,0.0,2026-04-19
321,264,Déménagement,view_profile,0.2,2025-07-18
119,1,Maçonnerie,view_profile,0.2,2026-03-15
263,72,Nettoyage,accept_offer,1.0,2025-09-10
272,156,Informatique,accept_offer,1.0,2025-12-13
294,27,Nettoyage,reject_offer,-0.3,2026-05-21
363,288,Nettoyage,ignore,0.0,2026-02-03
66,101,Plomberie,accept_offer,1.0,2025-09-23
38,32,Nettoyage,view_profile,0.2,2025-10-16
271,64,Plomberie,message_sent,0.6,2026-01-28
322,126,Climatisation,accept_offer,1.0,2026-01-01
186,163,Nettoyage,reject_offer,-0.3,2025-07-09
311,71,Peinture,view_profile,0.2,2025-07-10
396,272,Jardinage,message_sent,0.6,2025-08-14
11,211,Maçonnerie,view_profile,0.2,2025-07-15
270,204,Serrurerie,reject_offer,-0.3,2025-08-05
247,197,Peinture,view_profile,0.2,2026-04-22
322,115,Plomberie,reject_offer,-0.3,2025-08-22
98,212,Menuiserie,view_profile,0.2,2025-08-02
354,224,Peinture,accept_offer,1.0,2026-01-06
260,97,Carrelage,view_profile,0.2,2026-04-20
313,34,Serrurerie,message_sent,0.6,2026-01-26
223,141,Électricité,view_profile,0.2,2025-10-06
76,116,Plomberie,reject_offer,-0.3,2026-05-11
35,293,Jardinage,reject_offer,-0.3,2026-05-07
92,176,Carrelage,view_profile,0.2,2026-03-04
77,206,Déménagement,reject_offer,-0.3,2025-07-26
90,195,Nettoyage,ignore,0.0,2025-10-05
237,299,Plomberie,view_profile,0.2,2026-04-19
291,165,Électricité,reject_offer,-0.3,2025-08-27
96,161,Informatique,view_profile,0.2,2026-04-14
213,132,Menuiserie,view_profile,0.2,2026-05-20
267,143,Carrelage,reject_offer,-0.3,2025-10-09
383,220,Déménagement,reject_offer,-0.3,2026-03-08
223,260,Climatisation,view_profile,0.2,2025-08-02
39,159,Carrelage,reject_offer,-0.3,2025-09-25
114,24,Jardinage,message_sent,0.6,2025-06-16
310,267,Déménagement,view_profile,0.2,2026-03-18
256,246,Informatique,view_profile,0.2,2025-11-21
163,179,Menuiserie,accept_offer,1.0,2026-05-07
356,29,Maçonnerie,reject_offer,-0.3,2025-12-19
358,86,Climatisation,reject_offer,-0.3,2026-03-02
246,27,Nettoyage,view_profile,0.2,2025-12-03
296,51,Carrelage,accept_offer,1.0,2025-06-12
366,137,Menuiserie,ignore,0.0,2025-10-02
240,87,Jardinage,view_profile,0.2,2025-09-03
371,204,Serrurerie,message_sent,0.6,2025-06-15
111,75,Climatisation,view_profile,0.2,2026-02-19
153,38,Déménagement,message_sent,0.6,2025-06-07
90,164,Carrelage,view_profile,0.2,2026-04-17
302,291,Serrurerie,ignore,0.0,2026-01-29
395,117,Peinture,reject_offer,-0.3,2026-03-23
101,184,Jardinage,ignore,0.0,2026-03-27
162,178,Maçonnerie,view_profile,0.2,2026-04-29
75,131,Déménagement,reject_offer,-0.3,2025-10-19
350,44,Maçonnerie,view_profile,0.2,2026-02-04
346,111,Électricité,ignore,0.0,2026-01-23
7,112,Plomberie,reject_offer,-0.3,2026-01-07
76,182,Déménagement,message_sent,0.6,2026-05-04
238,221,Informatique,view_profile,0.2,2025-08-25
187,285,Climatisation,view_profile,0.2,2025-08-25
106,107,Climatisation,view_profile,0.2,2025-06-11
279,22,Peinture,message_sent,0.6,2025-10-09
17,261,Déménagement,accept_offer,1.0,2026-03-26
86,130,Déménagement,ignore,0.0,2026-03-17
72,262,Carrelage,message_sent,0.6,2025-08-30
57,21,Jardinage,ignore,0.0,2026-05-19
367,268,Menuiserie,message_sent,0.6,2025-07-16
88,226,Menuiserie,view_profile,0.2,2026-01-08
181,149,Climatisation,message_sent,0.6,2025-08-19
95,2,Électricité,message_sent,0.6,2025-06-07
33,230,Jardinage,reject_offer,-0.3,2026-03-12
152,71,Peinture,message_sent,0.6,2025-10-11
345,36,Climatisation,message_sent,0.6,2025-08-25
251,221,Informatique,reject_offer,-0.3,2025-09-19
323,203,Menuiserie,view_profile,0.2,2025-08-23
320,168,Menuiserie,message_sent,0.6,2025-07-20
351,10,Nettoyage,view_profile,0.2,2025-12-07
42,17,Nettoyage,message_sent,0.6,2026-04-16
156,276,Jardinage,reject_offer,-0.3,2026-06-02
66,66,Nettoyage,message_sent,0.6,2025-08-31
107,25,Climatisation,view_profile,0.2,2026-01-04
6,232,Menuiserie,view_profile,0.2,2025-10-05
165,20,Informatique,view_profile,0.2,2026-05-04
271,119,Serrurerie,view_profile,0.2,2025-09-09
343,140,Jardinage,accept_offer,1.0,2026-04-27
141,102,Électricité,ignore,0.0,2025-11-20
105,295,Climatisation,view_profile,0.2,2026-01-12
393,294,Nettoyage,view_profile,0.2,2026-03-17
16,58,Jardinage,ignore,0.0,2026-06-02
203,114,Maçonnerie,view_profile,0.2,2026-01-08
314,198,Informatique,reject_offer,-0.3,2026-01-31
373,157,Déménagement,view_profile,0.2,2025-09-17
1,131,Déménagement,message_sent,0.6,2025-10-11
33,10,Nettoyage,message_sent,0.6,2026-01-13
201,136,Menuiserie,accept_offer,1.0,2025-06-06
16,280,Climatisation,view_profile,0.2,2025-11-20
283,15,Maçonnerie,view_profile,0.2,2026-05-05
49,251,Menuiserie,message_sent,0.6,2025-08-16
298,212,Menuiserie,reject_offer,-0.3,2025-08-30
265,2,Électricité,accept_offer,1.0,2025-11-02
50,61,Climatisation,message_sent,0.6,2025-11-13
10,209,Informatique,accept_offer,1.0,2026-05-31
213,51,Carrelage,reject_offer,-0.3,2025-09-11
63,169,Déménagement,reject_offer,-0.3,2026-06-01
170,191,Informatique,view_profile,0.2,2025-10-07
357,84,Jardinage,view_profile,0.2,2026-03-13
25,167,Plomberie,message_sent,0.6,2026-03-11
99,234,Déménagement,accept_offer,1.0,2026-04-25
156,121,Menuiserie,view_profile,0.2,2025-10-20
379,30,Climatisation,ignore,0.0,2026-06-04
157,255,Peinture,ignore,0.0,2025-09-01
175,102,Électricité,accept_offer,1.0,2025-06-27
396,55,Climatisation,view_profile,0.2,2025-11-19
398,82,Déménagement,reject_offer,-0.3,2025-11-14
260,223,Jardinage,reject_offer,-0.3,2026-01-27
229,279,Climatisation,accept_offer,1.0,2025-09-02
206,21,Jardinage,view_profile,0.2,2026-01-17
142,273,Serrurerie,accept_offer,1.0,2025-10-03
11,131,Déménagement,ignore,0.0,2025-12-04
274,260,Climatisation,view_profile,0.2,2026-04-03
242,61,Climatisation,reject_offer,-0.3,2026-01-11
35,159,Carrelage,reject_offer,-0.3,2025-08-10
92,113,Serrurerie,message_sent,0.6,2026-05-29
169,152,Maçonnerie,accept_offer,1.0,2025-12-07
306,93,Plomberie,view_profile,0.2,2025-12-01
289,209,Informatique,message_sent,0.6,2026-01-17
254,46,Serrurerie,view_profile,0.2,2025-09-08
230,281,Serrurerie,view_profile,0.2,2026-06-01
157,170,Menuiserie,message_sent,0.6,2025-08-16
227,129,Jardinage,view_profile,0.2,2026-05-19
54,45,Jardinage,ignore,0.0,2025-06-04
282,292,Maçonnerie,ignore,0.0,2025-12-03
272,293,Jardinage,message_sent,0.6,2025-06-23
388,56,Peinture,ignore,0.0,2026-05-07
86,93,Plomberie,view_profile,0.2,2025-09-17
104,195,Nettoyage,reject_offer,-0.3,2026-04-04
398,193,Peinture,view_profile,0.2,2026-02-22
101,140,Jardinage,message_sent,0.6,2026-05-18
384,37,Plomberie,view_profile,0.2,2026-02-18
326,296,Serrurerie,ignore,0.0,2026-03-31
317,117,Peinture,view_profile,0.2,2026-02-12
144,200,Serrurerie,ignore,0.0,2025-08-02
383,127,Déménagement,reject_offer,-0.3,2026-03-23
310,246,Informatique,accept_offer,1.0,2026-04-04
65,239,Maçonnerie,view_profile,0.2,2025-11-19
357,202,Nettoyage,ignore,0.0,2025-09-24
109,267,Déménagement,accept_offer,1.0,2026-03-07
266,181,Climatisation,ignore,0.0,2025-08-17
263,188,Jardinage,reject_offer,-0.3,2026-03-18
315,263,Jardinage,message_sent,0.6,2026-05-03
54,280,Climatisation,reject_offer,-0.3,2025-10-14
398,121,Menuiserie,ignore,0.0,2026-01-29
203,125,Jardinage,view_profile,0.2,2026-03-22
5,3,Carrelage,message_sent,0.6,2026-02-13
301,146,Peinture,accept_offer,1.0,2026-04-13
373,153,Serrurerie,reject_offer,-0.3,2025-11-11
237,130,Déménagement,ignore,0.0,2025-11-09
142,57,Carrelage,reject_offer,-0.3,2025-06-26
232,207,Peinture,accept_offer,1.0,2025-08-30
381,219,Électricité,view_profile,0.2,2026-04-27
395,176,Carrelage,view_profile,0.2,2025-09-30
153,232,Menuiserie,reject_offer,-0.3,2026-03-21
56,201,Informatique,view_profile,0.2,2025-10-14
128,175,Électricité,accept_offer,1.0,2026-02-22
108,265,Menuiserie,view_profile,0.2,2026-04-20
327,291,Serrurerie,reject_offer,-0.3,2026-01-26
311,294,Nettoyage,ignore,0.0,2025-12-07
260,161,Informatique,message_sent,0.6,2025-09-26
345,255,Peinture,view_profile,0.2,2026-05-10
283,37,Plomberie,message_sent,0.6,2026-02-28
159,112,Plomberie,ignore,0.0,2026-05-16
20,251,Menuiserie,reject_offer,-0.3,2026-05-25
108,30,Climatisation,ignore,0.0,2026-05-03
344,51,Carrelage,reject_offer,-0.3,2026-01-28
239,199,Déménagement,view_profile,0.2,2026-05-21
327,99,Carrelage,view_profile,0.2,2025-06-17
329,2,Électricité,message_sent,0.6,2026-03-04
112,199,Déménagement,accept_offer,1.0,2025-08-19
98,102,Électricité,reject_offer,-0.3,2026-02-15
165,145,Jardinage,view_profile,0.2,2025-09-08
210,298,Électricité,accept_offer,1.0,2025-11-25
67,284,Électricité,view_profile,0.2,2025-06-26
373,96,Peinture,view_profile,0.2,2025-08-13
350,202,Nettoyage,view_profile,0.2,2025-08-24
235,122,Plomberie,view_profile,0.2,2026-05-13
364,170,Menuiserie,reject_offer,-0.3,2025-10-27
320,231,Serrurerie,view_profile,0.2,2026-04-04
354,28,Jardinage,view_profile,0.2,2025-08-08
126,138,Électricité,message_sent,0.6,2025-07-12
150,218,Électricité,reject_offer,-0.3,2025-11-19
18,300,Maçonnerie,view_profile,0.2,2025-12-03
161,189,Électricité,view_profile,0.2,2026-01-21
22,77,Maçonnerie,view_profile,0.2,2025-12-31
59,241,Maçonnerie,view_profile,0.2,2025-09-11
215,159,Carrelage,view_profile,0.2,2025-12-05
289,141,Électricité,reject_offer,-0.3,2025-12-21
57,82,Déménagement,view_profile,0.2,2026-03-19
128,48,Informatique,ignore,0.0,2025-08-18
245,8,Jardinage,reject_offer,-0.3,2025-11-17
16,225,Serrurerie,reject_offer,-0.3,2025-07-26
79,87,Jardinage,ignore,0.0,2026-03-08
333,122,Plomberie,accept_offer,1.0,2026-04-23
14,187,Déménagement,message_sent,0.6,2025-10-27
215,286,Carrelage,accept_offer,1.0,2025-10-09
344,3,Carrelage,ignore,0.0,2025-12-10
190,166,Climatisation,reject_offer,-0.3,2025-11-25
298,171,Déménagement,view_profile,0.2,2025-12-29
109,171,Déménagement,message_sent,0.6,2026-02-14
256,250,Climatisation,reject_offer,-0.3,2026-04-10
345,160,Informatique,ignore,0.0,2025-09-22
119,71,Peinture,message_sent,0.6,2025-09-10
296,32,Nettoyage,view_profile,0.2,2025-12-31
19,15,Maçonnerie,message_sent,0.6,2026-05-25
380,126,Climatisation,message_sent,0.6,2025-12-14
370,73,Nettoyage,ignore,0.0,2026-01-07
289,9,Jardinage,view_profile,0.2,2026-05-21
95,77,Maçonnerie,view_profile,0.2,2026-01-17
192,173,Jardinage,accept_offer,1.0,2025-12-26
54,235,Serrurerie,reject_offer,-0.3,2025-06-23
222,237,Jardinage,view_profile,0.2,2025-07-08
175,56,Peinture,view_profile,0.2,2025-07-02
107,300,Maçonnerie,reject_offer,-0.3,2025-10-11
159,17,Nettoyage,message_sent,0.6,2026-04-06
244,84,Jardinage,ignore,0.0,2025-12-16
94,38,Déménagement,accept_offer,1.0,2025-09-11
352,122,Plomberie,reject_offer,-0.3,2025-09-30
302,38,Déménagement,reject_offer,-0.3,2025-08-23
296,194,Jardinage,reject_offer,-0.3,2026-04-12
76,58,Jardinage,view_profile,0.2,2025-11-23
115,13,Plomberie,message_sent,0.6,2025-08-24
89,214,Plomberie,view_profile,0.2,2025-07-02
287,65,Serrurerie,ignore,0.0,2026-02-20
120,238,Peinture,message_sent,0.6,2025-10-25
94,233,Déménagement,reject_offer,-0.3,2025-11-12
147,287,Climatisation,view_profile,0.2,2026-03-08
275,228,Nettoyage,reject_offer,-0.3,2026-03-11
75,32,Nettoyage,message_sent,0.6,2025-08-20
82,266,Jardinage,reject_offer,-0.3,2025-06-17
41,86,Climatisation,message_sent,0.6,2026-03-26
284,28,Jardinage,ignore,0.0,2025-10-14
213,215,Informatique,message_sent,0.6,2026-03-27
166,71,Peinture,reject_offer,-0.3,2025-10-20
252,210,Menuiserie,view_profile,0.2,2026-03-21
214,10,Nettoyage,accept_offer,1.0,2025-10-17
226,80,Carrelage,accept_offer,1.0,2025-10-13
176,91,Climatisation,message_sent,0.6,2025-09-23
232,282,Peinture,message_sent,0.6,2025-10-10
241,254,Jardinage,message_sent,0.6,2026-03-05
134,8,Jardinage,message_sent,0.6,2026-05-26
358,140,Jardinage,message_sent,0.6,2026-02-04
240,235,Serrurerie,reject_offer,-0.3,2025-07-01
223,45,Jardinage,view_profile,0.2,2026-04-14
264,257,Carrelage,accept_offer,1.0,2025-08-21
280,157,Déménagement,view_profile,0.2,2026-02-26
32,70,Nettoyage,message_sent,0.6,2025-08-18
206,37,Plomberie,reject_offer,-0.3,2025-12-14
132,62,Plomberie,message_sent,0.6,2025-06-04
175,101,Plomberie,ignore,0.0,2025-07-12
331,265,Menuiserie,ignore,0.0,2025-06-21
172,199,Déménagement,reject_offer,-0.3,2025-12-24
278,264,Déménagement,view_profile,0.2,2025-09-15
39,206,Déménagement,message_sent,0.6,2026-01-31
296,189,Électricité,accept_offer,1.0,2025-08-16
239,299,Plomberie,message_sent,0.6,2025-08-06
90,135,Menuiserie,view_profile,0.2,2026-05-20
185,122,Plomberie,ignore,0.0,2026-05-14
352,139,Maçonnerie,view_profile,0.2,2025-12-25
10,44,Maçonnerie,accept_offer,1.0,2025-07-17
316,285,Climatisation,accept_offer,1.0,2026-03-15
11,268,Menuiserie,message_sent,0.6,2026-05-29
61,242,Nettoyage,view_profile,0.2,2026-02-22
400,205,Menuiserie,message_sent,0.6,2025-07-26
188,88,Serrurerie,view_profile,0.2,2026-01-29
333,53,Menuiserie,reject_offer,-0.3,2025-07-02
242,147,Informatique,view_profile,0.2,2025-09-27
116,218,Électricité,ignore,0.0,2026-03-27
191,227,Plomberie,accept_offer,1.0,2026-01-21
359,78,Plomberie,accept_offer,1.0,2025-11-01
212,43,Déménagement,accept_offer,1.0,2025-11-18
35,47,Climatisation,view_profile,0.2,2026-03-23
1,27,Nettoyage,accept_offer,1.0,2025-06-30
55,255,Peinture,accept_offer,1.0,2025-12-06
15,91,Climatisation,view_profile,0.2,2025-06-28
77,179,Menuiserie,accept_offer,1.0,2026-03-20
243,84,Jardinage,accept_offer,1.0,2026-04-20
118,90,Électricité,view_profile,0.2,2025-06-10
346,89,Nettoyage,accept_offer,1.0,2026-01-30
187,243,Serrurerie,view_profile,0.2,2026-01-25
346,171,Déménagement,accept_offer,1.0,2026-04-06
217,165,Électricité,accept_offer,1.0,2026-01-21
384,159,Carrelage,view_profile,0.2,2025-08-28
178,78,Plomberie,message_sent,0.6,2026-05-17
349,133,Déménagement,accept_offer,1.0,2025-08-27
29,145,Jardinage,view_profile,0.2,2025-10-27
58,179,Menuiserie,reject_offer,-0.3,2025-09-20
226,150,Carrelage,view_profile,0.2,2026-05-18
188,48,Informatique,ignore,0.0,2025-09-08
123,235,Serrurerie,ignore,0.0,2026-04-13
393,118,Plomberie,ignore,0.0,2026-01-06
385,203,Menuiserie,reject_offer,-0.3,2026-05-21
312,230,Jardinage,message_sent,0.6,2025-08-01
381,193,Peinture,reject_offer,-0.3,2025-06-06
272,164,Carrelage,view_profile,0.2,2025-07-19
235,155,Peinture,accept_offer,1.0,2025-06-27
186,267,Déménagement,view_profile,0.2,2025-12-21
265,261,Déménagement,view_profile,0.2,2025-10-21
302,18,Jardinage,message_sent,0.6,2025-09-20
173,258,Nettoyage,message_sent,0.6,2025-10-27
377,24,Jardinage,accept_offer,1.0,2026-01-17
131,136,Menuiserie,view_profile,0.2,2026-03-20
317,296,Serrurerie,accept_offer,1.0,2025-09-19
94,133,Déménagement,message_sent,0.6,2025-10-06
163,75,Climatisation,ignore,0.0,2026-04-02
56,50,Déménagement,ignore,0.0,2025-07-20
355,30,Climatisation,ignore,0.0,2026-02-24
191,37,Plomberie,ignore,0.0,2025-10-10
211,218,Électricité,ignore,0.0,2026-04-12
284,165,Électricité,accept_offer,1.0,2025-08-27
40,125,Jardinage,message_sent,0.6,2026-03-26
211,61,Climatisation,message_sent,0.6,2025-09-19
27,233,Déménagement,reject_offer,-0.3,2025-09-13
334,141,Électricité,accept_offer,1.0,2026-03-03
5,21,Jardinage,ignore,0.0,2025-08-18
337,215,Informatique,view_profile,0.2,2025-11-28
316,254,Jardinage,accept_offer,1.0,2025-08-11
5,172,Plomberie,ignore,0.0,2025-11-02
280,84,Jardinage,reject_offer,-0.3,2026-02-23
248,281,Serrurerie,ignore,0.0,2026-04-12
73,33,Plomberie,ignore,0.0,2025-10-26
241,131,Déménagement,accept_offer,1.0,2026-03-07
144,229,Nettoyage,view_profile,0.2,2025-06-06
151,90,Électricité,accept_offer,1.0,2026-01-23
54,247,Plomberie,reject_offer,-0.3,2025-10-11
350,243,Serrurerie,ignore,0.0,2025-09-04
42,135,Menuiserie,message_sent,0.6,2026-01-24
94,256,Informatique,view_profile,0.2,2025-06-28
139,177,Plomberie,reject_offer,-0.3,2026-04-18
93,217,Électricité,message_sent,0.6,2026-01-09
318,258,Nettoyage,message_sent,0.6,2026-04-16
233,278,Serrurerie,message_sent,0.6,2026-01-30
170,151,Déménagement,view_profile,0.2,2026-02-21
133,232,Menuiserie,reject_offer,-0.3,2025-07-09
121,143,Carrelage,view_profile,0.2,2026-04-12
70,298,Électricité,ignore,0.0,2025-09-21
213,2,Électricité,accept_offer,1.0,2026-04-08
223,94,Jardinage,accept_offer,1.0,2025-11-21
340,33,Plomberie,ignore,0.0,2026-03-28
107,129,Jardinage,message_sent,0.6,2025-10-09
265,14,Électricité,view_profile,0.2,2025-10-24
271,147,Informatique,reject_offer,-0.3,2026-02-04
310,125,Jardinage,message_sent,0.6,2026-05-12
179,209,Informatique,view_profile,0.2,2025-07-09
185,210,Menuiserie,accept_offer,1.0,2025-12-26
70,68,Peinture,reject_offer,-0.3,2025-10-04
32,239,Maçonnerie,view_profile,0.2,2026-01-04
172,130,Déménagement,message_sent,0.6,2025-11-12
119,53,Menuiserie,message_sent,0.6,2025-08-10
362,67,Jardinage,message_sent,0.6,2025-11-04
124,128,Menuiserie,view_profile,0.2,2026-01-15
346,91,Climatisation,reject_offer,-0.3,2026-05-03
367,252,Menuiserie,view_profile,0.2,2026-01-01
326,83,Nettoyage,view_profile,0.2,2026-01-23
181,215,Informatique,view_profile,0.2,2025-07-06
54,67,Jardinage,accept_offer,1.0,2025-09-19
279,8,Jardinage,message_sent,0.6,2025-09-07
286,250,Climatisation,message_sent,0.6,2025-06-28
203,214,Plomberie,view_profile,0.2,2026-05-26
153,178,Maçonnerie,accept_offer,1.0,2026-02-20
170,263,Jardinage,message_sent,0.6,2025-09-30
182,222,Déménagement,view_profile,0.2,2025-11-02
41,268,Menuiserie,ignore,0.0,2025-08-27
322,283,Nettoyage,accept_offer,1.0,2025-09-02
174,72,Nettoyage,view_profile,0.2,2025-08-30
340,268,Menuiserie,reject_offer,-0.3,2025-12-16
222,300,Maçonnerie,view_profile,0.2,2025-11-12
315,140,Jardinage,message_sent,0.6,2026-06-04
311,270,Électricité,reject_offer,-0.3,2025-09-01
275,257,Carrelage,ignore,0.0,2026-05-24
273,147,Informatique,message_sent,0.6,2025-06-22
169,79,Carrelage,view_profile,0.2,2025-07-14
343,113,Serrurerie,reject_offer,-0.3,2025-08-28
316,277,Jardinage,accept_offer,1.0,2026-01-25
47,86,Climatisation,view_profile,0.2,2025-08-24
9,107,Climatisation,ignore,0.0,2025-12-16
268,224,Peinture,ignore,0.0,2025-08-07
227,247,Plomberie,message_sent,0.6,2025-08-12
219,278,Serrurerie,reject_offer,-0.3,2025-11-24
96,242,Nettoyage,view_profile,0.2,2026-01-26
379,194,Jardinage,ignore,0.0,2025-10-06
77,4,Climatisation,message_sent,0.6,2026-02-06
230,288,Nettoyage,view_profile,0.2,2025-10-19
225,41,Plomberie,ignore,0.0,2025-06-07
209,94,Jardinage,accept_offer,1.0,2025-09-28
114,137,Menuiserie,accept_offer,1.0,2025-11-28
387,189,Électricité,message_sent,0.6,2025-11-26
218,89,Nettoyage,view_profile,0.2,2026-05-02
67,232,Menuiserie,message_sent,0.6,2026-06-04
393,19,Nettoyage,view_profile,0.2,2025-11-20
110,174,Électricité,message_sent,0.6,2026-05-31
300,241,Maçonnerie,view_profile,0.2,2025-08-07
398,237,Jardinage,view_profile,0.2,2026-04-25
343,65,Serrurerie,view_profile,0.2,2025-11-27
230,12,Carrelage,view_profile,0.2,2025-08-26
131,22,Peinture,reject_offer,-0.3,2025-08-21
170,176,Carrelage,view_profile,0.2,2025-12-31
267,115,Plomberie,ignore,0.0,2026-01-20
235,20,Informatique,view_profile,0.2,2025-07-27
213,245,Serrurerie,ignore,0.0,2026-03-06
36,185,Nettoyage,reject_offer,-0.3,2026-01-05
327,147,Informatique,message_sent,0.6,2026-04-30
236,120,Peinture,message_sent,0.6,2025-11-26
195,6,Nettoyage,view_profile,0.2,2025-10-24
264,136,Menuiserie,reject_offer,-0.3,2026-01-10
256,117,Peinture,view_profile,0.2,2026-06-03
92,37,Plomberie,ignore,0.0,2025-08-26
146,279,Climatisation,accept_offer,1.0,2025-12-01
274,239,Maçonnerie,ignore,0.0,2026-01-14
15,6,Nettoyage,accept_offer,1.0,2026-01-06
83,123,Maçonnerie,accept_offer,1.0,2025-10-16
161,299,Plomberie,reject_offer,-0.3,2026-05-16
143,82,Déménagement,message_sent,0.6,2025-06-20
250,212,Menuiserie,view_profile,0.2,2026-03-15
305,166,Climatisation,view_profile,0.2,2025-07-17
66,25,Climatisation,view_profile,0.2,2025-10-07
295,262,Carrelage,view_profile,0.2,2025-08-03
124,259,Peinture,message_sent,0.6,2025-12-13
74,279,Climatisation,view_profile,0.2,2025-12-03
218,282,Peinture,accept_offer,1.0,2025-11-15
281,39,Peinture,view_profile,0.2,2026-05-14
9,60,Serrurerie,message_sent,0.6,2025-09-23
106,235,Serrurerie,view_profile,0.2,2025-09-13
167,207,Peinture,message_sent,0.6,2025-08-09
326,231,Serrurerie,message_sent,0.6,2026-02-20
393,236,Peinture,view_profile,0.2,2025-11-14
196,188,Jardinage,accept_offer,1.0,2026-05-07
318,189,Électricité,message_sent,0.6,2026-03-28
342,152,Maçonnerie,message_sent,0.6,2026-02-12
175,291,Serrurerie,view_profile,0.2,2026-03-22
190,189,Électricité,view_profile,0.2,2025-11-26
166,123,Maçonnerie,accept_offer,1.0,2025-12-19
69,289,Nettoyage,reject_offer,-0.3,2025-07-16
227,59,Carrelage,view_profile,0.2,2025-12-07
147,39,Peinture,accept_offer,1.0,2026-04-19
177,83,Nettoyage,accept_offer,1.0,2025-08-10
379,188,Jardinage,view_profile,0.2,2025-07-05
233,272,Jardinage,accept_offer,1.0,2026-02-15
84,39,Peinture,message_sent,0.6,2025-11-11
50,35,Plomberie,accept_offer,1.0,2026-06-02
95,48,Informatique,view_profile,0.2,2025-12-12
252,152,Maçonnerie,reject_offer,-0.3,2025-11-14
77,31,Climatisation,reject_offer,-0.3,2025-06-24
341,70,Nettoyage,message_sent,0.6,2025-12-18
392,135,Menuiserie,message_sent,0.6,2025-06-17
263,281,Serrurerie,view_profile,0.2,2025-07-03
97,186,Informatique,accept_offer,1.0,2025-10-05
89,47,Climatisation,reject_offer,-0.3,2025-10-27
147,5,Nettoyage,reject_offer,-0.3,2025-08-31
299,103,Maçonnerie,ignore,0.0,2026-01-13
120,149,Climatisation,accept_offer,1.0,2025-06-15
295,129,Jardinage,view_profile,0.2,2025-07-19
283,20,Informatique,message_sent,0.6,2026-05-07
85,182,Déménagement,message_sent,0.6,2025-11-13
299,291,Serrurerie,view_profile,0.2,2025-06-17
145,245,Serrurerie,accept_offer,1.0,2025-10-11
46,70,Nettoyage,reject_offer,-0.3,2026-05-05
122,79,Carrelage,view_profile,0.2,2025-12-29
5,45,Jardinage,accept_offer,1.0,2026-04-04
45,59,Carrelage,view_profile,0.2,2025-11-05
380,120,Peinture,view_profile,0.2,2026-02-16
364,188,Jardinage,message_sent,0.6,2025-09-15
110,222,Déménagement,accept_offer,1.0,2026-01-26
219,280,Climatisation,message_sent,0.6,2025-09-07
253,123,Maçonnerie,view_profile,0.2,2025-08-08
60,60,Serrurerie,view_profile,0.2,2025-08-27
318,45,Jardinage,ignore,0.0,2026-06-01
105,258,Nettoyage,view_profile,0.2,2025-09-26
21,48,Informatique,view_profile,0.2,2025-11-07
287,18,Jardinage,view_profile,0.2,2026-02-28
309,26,Informatique,accept_offer,1.0,2026-04-30
271,36,Climatisation,accept_offer,1.0,2026-05-16
212,155,Peinture,reject_offer,-0.3,2025-08-23
97,60,Serrurerie,reject_offer,-0.3,2025-07-29
347,295,Climatisation,ignore,0.0,2025-06-22
263,79,Carrelage,view_profile,0.2,2025-09-23
99,165,Électricité,message_sent,0.6,2026-03-18
373,106,Maçonnerie,view_profile,0.2,2025-08-20
120,221,Informatique,ignore,0.0,2026-04-20
205,251,Menuiserie,view_profile,0.2,2025-11-04
365,36,Climatisation,ignore,0.0,2025-07-17
6,112,Plomberie,accept_offer,1.0,2026-03-19
48,59,Carrelage,ignore,0.0,2026-02-04
149,19,Nettoyage,view_profile,0.2,2025-06-19
58,123,Maçonnerie,reject_offer,-0.3,2025-08-24
12,128,Menuiserie,view_profile,0.2,2025-10-16
304,189,Électricité,message_sent,0.6,2026-02-11
40,132,Menuiserie,ignore,0.0,2026-02-02
395,201,Informatique,view_profile,0.2,2026-02-12
233,178,Maçonnerie,reject_offer,-0.3,2025-08-21
184,236,Peinture,view_profile,0.2,2025-07-12
194,107,Climatisation,view_profile,0.2,2025-06-17
101,255,Peinture,ignore,0.0,2026-02-16
373,40,Jardinage,view_profile,0.2,2026-05-13
382,29,Maçonnerie,view_profile,0.2,2026-05-23
387,226,Menuiserie,ignore,0.0,2025-06-19
97,294,Nettoyage,accept_offer,1.0,2025-09-17
31,218,Électricité,message_sent,0.6,2026-01-26
12,7,Informatique,view_profile,0.2,2026-04-11
144,207,Peinture,ignore,0.0,2025-12-24
204,126,Climatisation,ignore,0.0,2025-08-13
393,127,Déménagement,view_profile,0.2,2026-01-26
31,15,Maçonnerie,message_sent,0.6,2026-05-18
163,268,Menuiserie,reject_offer,-0.3,2025-06-17
297,254,Jardinage,ignore,0.0,2025-07-07
141,25,Climatisation,accept_offer,1.0,2025-09-13
128,94,Jardinage,view_profile,0.2,2025-09-22
16,208,Plomberie,view_profile,0.2,2026-03-04
399,252,Menuiserie,view_profile,0.2,2026-05-26
278,270,Électricité,accept_offer,1.0,2026-04-19
334,88,Serrurerie,view_profile,0.2,2025-11-22
308,3,Carrelage,reject_offer,-0.3,2026-02-11
96,73,Nettoyage,message_sent,0.6,2025-11-17
278,73,Nettoyage,accept_offer,1.0,2026-03-12
173,141,Électricité,message_sent,0.6,2025-07-31
109,59,Carrelage,ignore,0.0,2026-01-05
13,110,Maçonnerie,ignore,0.0,2026-02-24
85,121,Menuiserie,message_sent,0.6,2026-03-08
288,106,Maçonnerie,message_sent,0.6,2026-02-09
101,203,Menuiserie,ignore,0.0,2026-04-25
99,75,Climatisation,ignore,0.0,2026-03-03
9,17,Nettoyage,view_profile,0.2,2025-10-02
211,131,Déménagement,message_sent,0.6,2026-02-24
160,212,Menuiserie,message_sent,0.6,2025-10-22
